<!-- Action definition file for QuickNotepad plugin -->
<!-- $Id: actions.xml,v 1.1 2005/03/02 19:36:40 aarong Exp $
-->

<!DOCTYPE ACTIONS SYSTEM "actions.dtd">

<ACTIONS>
	<ACTION NAME="quicknotepad.choose-file">
		<CODE>
			view.getDockableWindowManager()
				.getDockable(QuickNotepadPlugin.NAME).chooseFile();
		</CODE>
	</ACTION>

	<ACTION NAME="quicknotepad.save-file">
		<CODE>
			view.getDockableWindowManager()
				.getDockable(QuickNotepadPlugin.NAME).saveFile();
		</CODE>
	</ACTION>

	<ACTION NAME="quicknotepad.copy-to-buffer">
		<CODE>
			view.getDockableWindowManager()
				.getDockable(QuickNotepadPlugin.NAME).copyToBuffer();
		</CODE>
	</ACTION>
</ACTIONS>

