<ehcache xmlns:xsi="http://www.w3.org/2001/XMLSchema-instance">
    
    <defaultCache
        maxElementsInMemory="100000"
        eternal="false"
        overflowToDisk="true"
        timeToLiveSeconds="3"/>

    <cache
        name="blStandardElements"
        maxElementsInMemory="100000"
        eternal="false"
        overflowToDisk="true"
        timeToLiveSeconds="3">
        <cacheEventListenerFactory class="org.broadleafcommerce.common.cache.engine.HydratedCacheEventListenerFactory"/>
    </cache>

    <cache
        name="blProducts"
        maxElementsInMemory="100000"
        eternal="false"
        overflowToDisk="true"
        timeToLiveSeconds="3">
        <cacheEventListenerFactory class="org.broadleafcommerce.common.cache.engine.HydratedCacheEventListenerFactory"/>
    </cache>

    <cache
        name="blCategories"
        maxElementsInMemory="100000"
        eternal="false"
        overflowToDisk="true"
        timeToLiveSeconds="3">
        <cacheEventListenerFactory class="org.broadleafcommerce.common.cache.engine.HydratedCacheEventListenerFactory"/>
    </cache>

    <cache
        name="blOffers"
        maxElementsInMemory="100000"
        eternal="false"
        overflowToDisk="true"
        timeToLiveSeconds="3">
        <cacheEventListenerFactory class="org.broadleafcommerce.common.cache.engine.HydratedCacheEventListenerFactory"/>
    </cache>

    <cache
        name="blInventoryElements"
        maxElementsInMemory="100000"
        eternal="false"
        overflowToDisk="true"
        timeToLiveSeconds="3"/>

    <cache
        name="org.hibernate.cache.internal.StandardQueryCache"
        maxElementsInMemory="1000"
        eternal="false"
        overflowToDisk="false"
        timeToLiveSeconds="3"/>

    <cache
        name="query.Catalog"
        maxElementsInMemory="1000"
        eternal="false"
        overflowToDisk="false"
        timeToLiveSeconds="3"/>

    <cache
        name="query.Offer"
        maxElementsInMemory="1000"
        eternal="false"
        overflowToDisk="false"
        timeToLiveSeconds="3"/>

    <cache
        name="blOrderElements"
        maxElementsInMemory="100000"
        eternal="false"
        overflowToDisk="true"
        timeToLiveSeconds="3"/>

     <cache
        name="blCustomerElements"
        maxElementsInMemory="100000"
        eternal="false"
        overflowToDisk="true"
        timeToLiveSeconds="3"/>

     <cache
        name="generatedResourceCache"
        maxElementsInMemory="100"
        eternal="false"
        overflowToDisk="true"
        timeToLiveSeconds="3"/>

     <cache
        name="blCMSElements"
        maxElementsInMemory="10000"
        eternal="false"
        overflowToDisk="true"
        timeToLiveSeconds="3"/>

    <cache
        name="blTranslationElements"
        maxElementsInMemory="10000"
        eternal="false"
        overflowToDisk="true"
        timeToLiveSeconds="5"/>

    <cache
        name="blConfigurationModuleElements"
        maxElementsInMemory="1000"
        eternal="false"
        overflowToDisk="true"
        timeToLiveSeconds="3"/>

     <!-- This is required by Hibernate to ensure that query caches return
          corrrect results. It must contain at least as many entries as there are
          DB tables. -->
     <cache name="org.hibernate.cache.UpdateTimestampsCache"
        maxElementsInMemory="5000"
        eternal="true"
        overflowToDisk="true"/>
        
</ehcache>