<?xml version="1.0"?>
<!DOCTYPE Configure PUBLIC "-//Mort Bay Consulting//DTD Configure//EN" "http://jetty.mortbay.org/configure.dtd">

<!-- THIS IS FOR RUNNING IN local OR development MODE ONLY! IT WILL AUTOMATICALLY BE USED IN A 
JETTY ENVIRONMENT. YOU SHOULD SET UP JNDI ACCORDING TO YOUR SERVER'S DOCUMENTATION AND USE THAT. 
IT IS NOT RECOMMENDED TO USE JETTY IN A PRODUCTION ENVIRONMENT.
-->
<Configure class="org.eclipse.jetty.webapp.WebAppContext">

    <!-- Add an EnvEntry only valid for this webapp -->
    <New id="appName" class="org.eclipse.jetty.plus.jndi.EnvEntry">
        <Arg>appName</Arg>
        <Arg type="java.lang.String">mycompany-admin</Arg>
        <Arg type="boolean">true</Arg>
    </New>
    
    <New id="webDS" class="org.eclipse.jetty.plus.jndi.Resource">
        <Arg>jdbc/web</Arg>
        <Arg>
            <New class="org.apache.commons.dbcp.BasicDataSource">
                <Set name="driverClassName">org.hsqldb.jdbcDriver</Set>
                <Set name="url">jdbc:hsqldb:hsql://localhost/broadleaf</Set>
                <Set name="username">sa</Set>
                <Set name="password"></Set>
            </New>
        </Arg>
    </New>

    <New id="webSecureDS" class="org.eclipse.jetty.plus.jndi.Resource">
        <Arg>jdbc/secure</Arg>
        <Arg>
            <New class="org.apache.commons.dbcp.BasicDataSource">
                <Set name="driverClassName">org.hsqldb.jdbcDriver</Set>
                <Set name="url">jdbc:hsqldb:hsql://localhost/broadleaf</Set>
                <Set name="username">sa</Set>
                <Set name="password"></Set>
            </New>
        </Arg>
    </New>

    <New id="webStorageDS" class="org.eclipse.jetty.plus.jndi.Resource">
        <Arg>jdbc/storage</Arg>
        <Arg>
            <New class="org.apache.commons.dbcp.BasicDataSource">
                <Set name="driverClassName">org.hsqldb.jdbcDriver</Set>
                <Set name="url">jdbc:hsqldb:hsql://localhost/broadleaf</Set>
                <Set name="username">sa</Set>
                <Set name="password"></Set>
            </New>
        </Arg>
    </New>

</Configure>