<?xml version="1.0" encoding="UTF-8"?>
<persistence xmlns="http://java.sun.com/xml/ns/persistence"
             xmlns:xsi="http://www.w3.org/2001/XMLSchema-instance"
             xsi:schemaLocation="http://java.sun.com/xml/ns/persistence http://java.sun.com/xml/ns/persistence/persistence_2_0.xsd"
             version="2.0">
             
    <persistence-unit name="blPU" transaction-type="RESOURCE_LOCAL">
        <non-jta-data-source>jdbc/web</non-jta-data-source>
        <exclude-unlisted-classes/>
    </persistence-unit>
    
    <persistence-unit name="blSecurePU" transaction-type="RESOURCE_LOCAL">
        <non-jta-data-source>jdbc/webSecure</non-jta-data-source>
        <exclude-unlisted-classes/>
    </persistence-unit>

    <persistence-unit name="blCMSStorage" transaction-type="RESOURCE_LOCAL">
        <non-jta-data-source>jdbc/cmsStorage</non-jta-data-source>
        <exclude-unlisted-classes/>
    </persistence-unit>
</persistence>
