<?xml version="1.0"?>

<!DOCTYPE MODE SYSTEM "xmode.dtd">

<!-- contributed by Lionel Fiol <lio-sand@ifrance.com> -->
<!-- 09/NOV/2001: add automatic indentation properties -->
<!--              correct and add some keywords        -->
<!--              reorganize all keywords (sorted)     -->

<MODE>
    <PROPS>
        <PROPERTY NAME="indentNextLines" VALUE="\s*((PROCESS|MARKUP|EXTERNAL|DOCUMENT|DTD|ELEMENT|FIND|TRANSLATE)((-|\s).*|\s*)|(DO|ELSE|REPEAT|MATCH|CASE|USING|GROUP|DEFINE|MACRO)(\s+.*|\s*))" />
        <PROPERTY NAME="lineComment" VALUE=";" />
        <PROPERTY NAME="noWordSep" VALUE="-_" />
    </PROPS>
    <RULES ESCAPE="%" IGNORE_CASE="TRUE" HIGHLIGHT_DIGITS="TRUE">
        <!-- Comments -->
        <EOL_SPAN TYPE="COMMENT1">#!</EOL_SPAN>
        <EOL_SPAN TYPE="COMMENT1">;</EOL_SPAN>

        <!-- Literals -->
        <SPAN TYPE="LITERAL1" NO_LINE_BREAK="TRUE">
            <BEGIN>"</BEGIN>
            <END>"</END>
        </SPAN>
        <SPAN TYPE="LITERAL1" NO_LINE_BREAK="TRUE">
            <BEGIN>'</BEGIN>
            <END>'</END>
        </SPAN>

        <!-- Operators -->
        <SEQ TYPE="OPERATOR">&amp;</SEQ>
        <SEQ TYPE="OPERATOR">|</SEQ>
        <!-- two next lines were removed as they conflict with the noWordSep property -->
        <!-- <SEQ TYPE="OPERATOR">-</SEQ> -->
        <!-- <SEQ TYPE="OPERATOR">_</SEQ> -->
        <SEQ TYPE="OPERATOR">+</SEQ>
        <SEQ TYPE="OPERATOR">=</SEQ>
        <SEQ TYPE="OPERATOR">/</SEQ>
        <SEQ TYPE="OPERATOR">&lt;</SEQ>
        <SEQ TYPE="OPERATOR">&gt;</SEQ>
        <SEQ TYPE="OPERATOR">~</SEQ>
        <SEQ TYPE="OPERATOR">@</SEQ>
        <SEQ TYPE="OPERATOR">$</SEQ>
        <SEQ TYPE="OPERATOR">%</SEQ>
        <SEQ TYPE="OPERATOR">^</SEQ>
        <SEQ TYPE="OPERATOR">*</SEQ>
        <SEQ TYPE="OPERATOR">?</SEQ>
        <SEQ TYPE="OPERATOR">!</SEQ>

        <!-- Keywords -->
        <KEYWORDS>
            <KEYWORD2>#ADDITIONAL-INFO</KEYWORD2>
            <KEYWORD2>#APPINFO</KEYWORD2>
            <KEYWORD2>#ARGS</KEYWORD2>
            <KEYWORD2>#CAPACITY</KEYWORD2>
            <KEYWORD2>#CHARSET</KEYWORD2>
            <KEYWORD2>#CLASS</KEYWORD2>
            <KEYWORD2>#COMMAND-LINE-NAMES</KEYWORD2>
            <KEYWORD2>#CONSOLE</KEYWORD2>
            <KEYWORD2>#CURRENT-INPUT</KEYWORD2>
            <KEYWORD2>#CURRENT-OUTPUT</KEYWORD2>
            <KEYWORD2>#DATA</KEYWORD2>
            <KEYWORD2>#DOCTYPE</KEYWORD2>
            <KEYWORD2>#DOCUMENT</KEYWORD2>
            <KEYWORD2>#DTD</KEYWORD2>
            <KEYWORD2>#EMPTY</KEYWORD2>
            <KEYWORD2>#ERROR</KEYWORD2>
            <KEYWORD2>#ERROR-CODE</KEYWORD2>
            <KEYWORD2>#EXTERNAL-EXCEPTION</KEYWORD2>
            <KEYWORD2>#FILE-NAME</KEYWORD2>
            <KEYWORD2>#FIRST</KEYWORD2>
            <KEYWORD2>#GROUP</KEYWORD2>
            <KEYWORD2>#IMPLIED</KEYWORD2>
            <KEYWORD2>#ITEM</KEYWORD2>
            <KEYWORD2>#LANGUAGE-VERSION</KEYWORD2>
            <KEYWORD2>#LAST</KEYWORD2>
            <KEYWORD2>#LIBPATH</KEYWORD2>
            <KEYWORD2>#LIBRARY</KEYWORD2>
            <KEYWORD2>#LIBVALUE</KEYWORD2>
            <KEYWORD2>#LINE-NUMBER</KEYWORD2>
            <KEYWORD2>#MAIN-INPUT</KEYWORD2>
            <KEYWORD2>#MAIN-OUTPUT</KEYWORD2>
            <KEYWORD2>#MARKUP-ERROR-COUNT</KEYWORD2>
            <KEYWORD2>#MARKUP-ERROR-TOTAL</KEYWORD2>
            <KEYWORD2>#MARKUP-PARSER</KEYWORD2>
            <KEYWORD2>#MARKUP-WARNING-COUNT</KEYWORD2>
            <KEYWORD2>#MARKUP-WARNING-TOTAL</KEYWORD2>
            <KEYWORD2>#MESSAGE</KEYWORD2>
            <KEYWORD2>#NONE</KEYWORD2>
            <KEYWORD2>#OUTPUT</KEYWORD2>
            <KEYWORD2>#PLATFORM-INFO</KEYWORD2>
            <KEYWORD2>#PROCESS-INPUT</KEYWORD2>
            <KEYWORD2>#PROCESS-OUTPUT</KEYWORD2>
            <KEYWORD2>#PROGRAM-ERROR</KEYWORD2>
            <KEYWORD2>#RECOVERY-INFO</KEYWORD2>
            <KEYWORD2>#SGML</KEYWORD2>
            <KEYWORD2>#SGML-ERROR-COUNT</KEYWORD2>
            <KEYWORD2>#SGML-ERROR-TOTAL</KEYWORD2>
            <KEYWORD2>#SGML-WARNING-COUNT</KEYWORD2>
            <KEYWORD2>#SGML-WARNING-TOTAL</KEYWORD2>
            <KEYWORD2>#SUPPRESS</KEYWORD2>
            <KEYWORD2>#SYNTAX</KEYWORD2>
            <KEYWORD2>#!</KEYWORD2>
            <OPERATOR>ABS</OPERATOR>
            <KEYWORD1>ACTIVATE</KEYWORD1>
            <OPERATOR>ACTIVE</OPERATOR>
            <KEYWORD2>AFTER</KEYWORD2>
            <KEYWORD1>AGAIN</KEYWORD1>
            <KEYWORD2>ANCESTOR</KEYWORD2>
            <KEYWORD2>AND</KEYWORD2>
            <KEYWORD2>ANOTHER</KEYWORD2>
            <KEYWORD1>ALWAYS</KEYWORD1>
            <OPERATOR>AND</OPERATOR>
            <KEYWORD3>ANY</KEYWORD3>
            <KEYWORD3>ANY-TEXT</KEYWORD3>
            <KEYWORD2>ARG</KEYWORD2>
            <OPERATOR>AS</OPERATOR>
            <KEYWORD1>ASSERT</KEYWORD1>
            <KEYWORD2>ATTACHED</KEYWORD2>
            <KEYWORD2>ATTRIBUTE</KEYWORD2>
            <KEYWORD2>ATTRIBUTES</KEYWORD2>
            <OPERATOR>BASE</OPERATOR>
            <KEYWORD2>BCD</KEYWORD2>
            <KEYWORD2>BEFORE</KEYWORD2>
            <OPERATOR>BINARY</OPERATOR>
            <KEYWORD2>BINARY-INPUT</KEYWORD2>
            <KEYWORD2>BINARY-MODE</KEYWORD2>
            <KEYWORD2>BINARY-OUTPUT</KEYWORD2>
            <KEYWORD3>BLANK</KEYWORD3>
            <KEYWORD2>BREAK-WIDTH</KEYWORD2>
            <KEYWORD2>BUFFER</KEYWORD2>
            <KEYWORD2>BUFFERED</KEYWORD2>
            <KEYWORD2>BY</KEYWORD2>
            <KEYWORD1>CASE</KEYWORD1>
            <KEYWORD1>CATCH</KEYWORD1>
            <KEYWORD2>CATCHABLE</KEYWORD2>
            <KEYWORD3>CDATA</KEYWORD3>
            <KEYWORD2>CDATA-ENTITY</KEYWORD2>
            <OPERATOR>CEILING</OPERATOR>
            <KEYWORD2>CHILDREN</KEYWORD2>
            <KEYWORD1>CLEAR</KEYWORD1>
            <KEYWORD1>CLOSE</KEYWORD1>
            <KEYWORD2>CLOSED</KEYWORD2>
            <OPERATOR>COMPILED-DATE</OPERATOR>
            <OPERATOR>COMPLEMENT</OPERATOR>
            <KEYWORD2>CONREF</KEYWORD2>
            <KEYWORD2>CONTENT</KEYWORD2>
            <KEYWORD3>CONTENT-END</KEYWORD3>
            <KEYWORD3>CONTENT-START</KEYWORD3>
            <KEYWORD2>CONTEXT-TRANSLATE</KEYWORD2>
            <KEYWORD1>COPY</KEYWORD1>
            <KEYWORD1>COPY-CLEAR</KEYWORD1>
            <KEYWORD2>COUNTER</KEYWORD2>
            <KEYWORD2>CREATED</KEYWORD2>
            <OPERATOR>CREATING</OPERATOR>
            <OPERATOR>CREATOR</OPERATOR>
            <KEYWORD2>CROSS-TRANSLATE</KEYWORD2>
            <KEYWORD2>CURRENT</KEYWORD2>
            <KEYWORD2>DATA-ATTRIBUTE</KEYWORD2>
            <KEYWORD2>DATA-ATTRIBUTES</KEYWORD2>
            <KEYWORD2>DATA-CONTENT</KEYWORD2>
            <KEYWORD2>DATA-LETTERS</KEYWORD2>
            <OPERATOR>DATE</OPERATOR>
            <KEYWORD1>DEACTIVATE</KEYWORD1>
            <KEYWORD2>DECLARE</KEYWORD2>
            <KEYWORD2>DECLARED-CONREF</KEYWORD2>
            <KEYWORD2>DECLARED-CURRENT</KEYWORD2>
            <KEYWORD2>DECLARED-DEFAULTED</KEYWORD2>
            <KEYWORD2>DECLARED-FIXED</KEYWORD2>
            <KEYWORD2>DECLARED-IMPLIED</KEYWORD2>
            <KEYWORD2>DECLARED-REQUIRED</KEYWORD2>
            <KEYWORD1>DECREMENT</KEYWORD1>
            <KEYWORD2>DEFAULT-ENTITY</KEYWORD2>
            <KEYWORD2>DEFAULTED</KEYWORD2>
            <KEYWORD2>DEFAULTING</KEYWORD2>
            <KEYWORD2>DEFINE</KEYWORD2>
            <KEYWORD2>DELIMITER</KEYWORD2>
            <OPERATOR>DIFFERENCE</OPERATOR>
            <KEYWORD3>DIGIT</KEYWORD3>
            <KEYWORD2>DIRECTORY</KEYWORD2>
            <KEYWORD1>DISCARD</KEYWORD1>
            <OPERATOR>DIVIDE</OPERATOR>
            <KEYWORD1>DO</KEYWORD1>
            <KEYWORD2>DOCTYPE</KEYWORD2>
            <KEYWORD2>DOCUMENT</KEYWORD2>
            <KEYWORD2>DOCUMENT-ELEMENT</KEYWORD2>
            <KEYWORD2>DOCUMENT-END</KEYWORD2>
            <KEYWORD2>DOCUMENT-START</KEYWORD2>
            <KEYWORD2>DOMAIN-FREE</KEYWORD2>
            <KEYWORD1>DONE</KEYWORD1>
            <KEYWORD2>DOWN-TRANSLATE</KEYWORD2>
            <OPERATOR>DROP</OPERATOR>
            <KEYWORD2>DTD</KEYWORD2>
            <KEYWORD2>DTD-END</KEYWORD2>
            <KEYWORD2>DTD-START</KEYWORD2>
            <KEYWORD2>DTDS</KEYWORD2>
            <KEYWORD2>ELEMENT</KEYWORD2>
            <KEYWORD2>ELEMENTS</KEYWORD2>
            <KEYWORD1>ELSE</KEYWORD1>
            <KEYWORD2>ELSEWHERE</KEYWORD2>
            <KEYWORD2>EMPTY</KEYWORD2>
            <KEYWORD2>ENTITIES</KEYWORD2>
            <KEYWORD2>ENTITY</KEYWORD2>
            <KEYWORD2>EPILOG-START</KEYWORD2>
            <OPERATOR>EQUAL</OPERATOR>
            <OPERATOR>EQUALS</OPERATOR>
            <KEYWORD2>ESCAPE</KEYWORD2>
            <KEYWORD1>EXCEPT</KEYWORD1>
            <OPERATOR>EXISTS</OPERATOR>
            <KEYWORD1>EXIT</KEYWORD1>
            <KEYWORD2>EXTERNAL</KEYWORD2>
            <KEYWORD2>EXTERNAL-DATA-ENTITY</KEYWORD2>
            <KEYWORD2>EXTERNAL-ENTITY</KEYWORD2>
            <KEYWORD2>EXTERNAL-FUNCTION</KEYWORD2>
            <KEYWORD2>EXTERNAL-OUTPUT-FUNCTION</KEYWORD2>
            <KEYWORD2>EXTERNAL-TEXT-ENTITY</KEYWORD2>
            <KEYWORD2>FALSE</KEYWORD2>
            <OPERATOR>FILE</OPERATOR>
            <KEYWORD2>FIND</KEYWORD2>
            <KEYWORD2>FIND-END</KEYWORD2>
            <KEYWORD2>FIND-START</KEYWORD2>
            <OPERATOR>FLOOR</OPERATOR>
            <KEYWORD1>FLUSH</KEYWORD1>
            <KEYWORD1>FOR</KEYWORD1>
            <KEYWORD1>FORMAT</KEYWORD1>
            <KEYWORD2>FUNCTION</KEYWORD2>
            <KEYWORD2>FUNCTION-LIBRARY</KEYWORD2>
            <KEYWORD2>GENERAL</KEYWORD2>
            <KEYWORD2>GLOBAL</KEYWORD2>
            <OPERATOR>GREATER-EQUAL</OPERATOR>
            <OPERATOR>GREATER-THAN</OPERATOR>
            <KEYWORD2>GROUP</KEYWORD2>
            <KEYWORD2>GROUPS</KEYWORD2>
            <KEYWORD1>HALT</KEYWORD1>
            <KEYWORD1>HALT-EVERYTHING</KEYWORD1>
            <OPERATOR>HAS</OPERATOR>
            <OPERATOR>HASNT</OPERATOR>
            <KEYWORD2>HERALDED-NAMES</KEYWORD2>
            <KEYWORD2>ID</KEYWORD2>
            <KEYWORD2>ID-CHECKING</KEYWORD2>
            <KEYWORD2>IDREF</KEYWORD2>
            <KEYWORD2>IDREFS</KEYWORD2>
            <KEYWORD2>IGNORE</KEYWORD2>
            <KEYWORD2>IMPLIED</KEYWORD2>
            <KEYWORD2>IN</KEYWORD2>
            <KEYWORD2>IN-LIBRARY</KEYWORD2>
            <KEYWORD2>INCLUDE</KEYWORD2>
            <KEYWORD2>INCLUDE-END</KEYWORD2>
            <KEYWORD2>INCLUDE-GUARD</KEYWORD2>
            <KEYWORD2>INCLUDE-START</KEYWORD2>
            <KEYWORD2>INCLUSION</KEYWORD2>
            <KEYWORD1>INCREMENT</KEYWORD1>
            <KEYWORD2>INITIAL</KEYWORD2>
            <KEYWORD2>INITIAL-SIZE</KEYWORD2>
            <KEYWORD1>INPUT</KEYWORD1>
            <KEYWORD2>INSERTION-BREAK</KEYWORD2>
            <KEYWORD2>INSTANCE</KEYWORD2>
            <KEYWORD2>INTEGER</KEYWORD2>
            <KEYWORD2>INTERNAL</KEYWORD2>
            <KEYWORD2>INVALID-DATA</KEYWORD2>
            <OPERATOR>IS</OPERATOR>
            <OPERATOR>ISNT</OPERATOR>
            <OPERATOR>ITEM</OPERATOR>
            <KEYWORD1>JOIN</KEYWORD1>
            <OPERATOR>KEY</OPERATOR>
            <KEYWORD2>KEYED</KEYWORD2>
            <OPERATOR>LAST</OPERATOR>
            <OPERATOR>LASTMOST</OPERATOR>
            <KEYWORD3>LC</KEYWORD3>
            <OPERATOR>LENGTH</OPERATOR>
            <OPERATOR>LESS-EQUAL</OPERATOR>
            <OPERATOR>LESS-THAN</OPERATOR>
            <KEYWORD3>LETTER</KEYWORD3>
            <KEYWORD2>LETTERS</KEYWORD2>
            <KEYWORD2>LIBRARY</KEYWORD2>
            <KEYWORD3>LINE-END</KEYWORD3>
            <KEYWORD3>LINE-START</KEYWORD3>
            <OPERATOR>LITERAL</OPERATOR>
            <KEYWORD2>LOCAL</KEYWORD2>
            <OPERATOR>LN</OPERATOR>
            <KEYWORD1>LOG</KEYWORD1>
            <OPERATOR>LOG10</OPERATOR>
            <OPERATOR>LOOKAHEAD</OPERATOR>
            <KEYWORD2>MACRO</KEYWORD2>
            <KEYWORD2>MACRO-END</KEYWORD2>
            <KEYWORD2>MARKED-SECTION</KEYWORD2>
            <KEYWORD2>MARKUP-COMMENT</KEYWORD2>
            <KEYWORD2>MARKUP-ERROR</KEYWORD2>
            <KEYWORD2>MARKUP-PARSER</KEYWORD2>
            <KEYWORD2>MARKUP-WRAPPER</KEYWORD2>
            <OPERATOR>MASK</OPERATOR>
            <KEYWORD1>MATCH</KEYWORD1>
            <OPERATOR>MATCHES</OPERATOR>
            <OPERATOR>MINUS</OPERATOR>
            <KEYWORD2>MIXED</KEYWORD2>
            <KEYWORD2>MODIFIABLE</KEYWORD2>
            <OPERATOR>MODULO</OPERATOR>
            <OPERATOR>NAME</OPERATOR>
            <KEYWORD2>NAME-LETTERS</KEYWORD2>
            <KEYWORD2>NAMECASE</KEYWORD2>
            <KEYWORD2>NAMED</KEYWORD2>
            <KEYWORD2>NAMES</KEYWORD2>
            <KEYWORD2>NDATA-ENTITY</KEYWORD2>
            <OPERATOR>NEGATE</OPERATOR>
            <KEYWORD2>NESTED-REFERENTS</KEYWORD2>
            <KEYWORD1>NEW</KEYWORD1>
            <KEYWORD2>NEWLINE</KEYWORD2>
            <KEYWORD1>NEXT</KEYWORD1>
            <KEYWORD2>NMTOKEN</KEYWORD2>
            <KEYWORD2>NMTOKENS</KEYWORD2>
            <KEYWORD2>NO</KEYWORD2>
            <KEYWORD2>NO-DEFAULT-IO</KEYWORD2>
            <KEYWORD3>NON-CDATA</KEYWORD3>
            <KEYWORD2>NON-IMPLIED</KEYWORD2>
            <KEYWORD3>NON-SDATA</KEYWORD3>
            <OPERATOR>NOT</OPERATOR>
            <KEYWORD1>NOT-REACHED</KEYWORD1>
            <KEYWORD2>NOTATION</KEYWORD2>
            <KEYWORD2>NUMBER</KEYWORD2>
            <OPERATOR>NUMBER-OF</OPERATOR>
            <KEYWORD2>NUMBERS</KEYWORD2>
            <KEYWORD3>NULL</KEYWORD3>
            <KEYWORD2>NUTOKEN</KEYWORD2>
            <KEYWORD2>NUTOKENS</KEYWORD2>
            <OPERATOR>OCCURRENCE</OPERATOR>
            <OPERATOR>OF</OPERATOR>
            <KEYWORD2>OPAQUE</KEYWORD2>
            <KEYWORD1>OPEN</KEYWORD1>
            <KEYWORD2>OPTIONAL</KEYWORD2>
            <OPERATOR>OR</OPERATOR>
            <KEYWORD1>OUTPUT</KEYWORD1>
            <KEYWORD1>OUTPUT-TO</KEYWORD1>
            <KEYWORD1>OVER</KEYWORD1>
            <KEYWORD2>PARAMETER</KEYWORD2>
            <KEYWORD2>PARENT</KEYWORD2>
            <KEYWORD2>PAST</KEYWORD2>
            <KEYWORD2>PATTERN</KEYWORD2>
            <KEYWORD3>PCDATA</KEYWORD3>
            <KEYWORD2>PLUS</KEYWORD2>
            <KEYWORD2>PREPARENT</KEYWORD2>
            <KEYWORD2>PREVIOUS</KEYWORD2>
            <KEYWORD2>PROCESS</KEYWORD2>
            <KEYWORD2>PROCESS-END</KEYWORD2>
            <KEYWORD2>PROCESS-START</KEYWORD2>
            <KEYWORD2>PROCESSING-INSTRUCTION</KEYWORD2>
            <KEYWORD2>PROLOG-END</KEYWORD2>
            <KEYWORD2>PROLOG-IN-ERROR</KEYWORD2>
            <KEYWORD2>PROPER</KEYWORD2>
            <KEYWORD2>PUBLIC</KEYWORD2>
            <KEYWORD1>PUT</KEYWORD1>
            <KEYWORD3>RCDATA</KEYWORD3>
            <KEYWORD1>REMOVE</KEYWORD1>
            <KEYWORD2>READ-ONLY</KEYWORD2>
            <KEYWORD2>READABLE</KEYWORD2>
            <KEYWORD2>REFERENT</KEYWORD2>
            <KEYWORD2>REFERENTS</KEYWORD2>
            <KEYWORD2>REFERENTS-ALLOWED</KEYWORD2>
            <KEYWORD2>REFERENTS-DISPLAYED</KEYWORD2>
            <KEYWORD2>REFERENTS-NOT-ALLOWED</KEYWORD2>
            <KEYWORD2>REMAINDER</KEYWORD2>
            <KEYWORD1>REOPEN</KEYWORD1>
            <KEYWORD1>REPEAT</KEYWORD1>
            <KEYWORD2>REPEATED</KEYWORD2>
            <KEYWORD2>REPLACEMENT-BREAK</KEYWORD2>
            <KEYWORD1>RESET</KEYWORD1>
            <KEYWORD1>RETHROW</KEYWORD1>
            <KEYWORD1>RETURN</KEYWORD1>
            <KEYWORD2>REVERSED</KEYWORD2>
            <OPERATOR>ROUND</OPERATOR>
            <KEYWORD1>SAVE</KEYWORD1>
            <KEYWORD1>SAVE-CLEAR</KEYWORD1>
            <KEYWORD1>SCAN</KEYWORD1>
            <KEYWORD3>SDATA</KEYWORD3>
            <KEYWORD2>SDATA-ENTITY</KEYWORD2>
            <KEYWORD1>SELECT</KEYWORD1>
            <KEYWORD1>SET</KEYWORD1>
            <KEYWORD1>SGML</KEYWORD1>
            <KEYWORD2>SGML-COMMENT</KEYWORD2>
            <KEYWORD2>SGML-DECLARATION-END</KEYWORD2>
            <KEYWORD2>SGML-DTD</KEYWORD2>
            <KEYWORD2>SGML-DTDS</KEYWORD2>
            <KEYWORD2>SGML-ERROR</KEYWORD2>
            <KEYWORD1>SGML-IN</KEYWORD1>
            <KEYWORD1>SGML-OUT</KEYWORD1>
            <KEYWORD1>SGML-PARSE</KEYWORD1>
            <KEYWORD1>SGML-PARSER</KEYWORD1>
            <OPERATOR>SHIFT</OPERATOR>
            <KEYWORD2>SILENT-REFERENT</KEYWORD2>
            <KEYWORD2>SIZE</KEYWORD2>
            <KEYWORD1>SKIP</KEYWORD1>
            <KEYWORD2>SOURCE</KEYWORD2>
            <KEYWORD3>SPACE</KEYWORD3>
            <KEYWORD2>SPECIFIED</KEYWORD2>
            <OPERATOR>SQRT</OPERATOR>
            <OPERATOR>STATUS</OPERATOR>
            <KEYWORD2>STREAM</KEYWORD2>
            <KEYWORD2>SUBDOC-ENTITY</KEYWORD2>
            <KEYWORD2>SUBDOCUMENT</KEYWORD2>
            <KEYWORD2>SUBDOCUMENTS</KEYWORD2>
            <KEYWORD2>SUBELEMENT</KEYWORD2>
            <KEYWORD1>SUBMIT</KEYWORD1>
            <KEYWORD1>SUCCEED</KEYWORD1>
            <KEYWORD1>SUPPRESS</KEYWORD1>
            <KEYWORD2>SWITCH</KEYWORD2>
            <KEYWORD2>SYMBOL</KEYWORD2>
            <KEYWORD2>SYSTEM</KEYWORD2>
            <KEYWORD1>SYSTEM-CALL</KEYWORD1>
            <OPERATOR>TAKE</OPERATOR>
            <KEYWORD1>TEST-SYSTEM</KEYWORD1>
            <KEYWORD3>TEXT</KEYWORD3>
            <KEYWORD2>TEXT-MODE</KEYWORD2>
            <OPERATOR>THIS</OPERATOR>
            <KEYWORD1>THROW</KEYWORD1>
            <KEYWORD2>THROWN</KEYWORD2>
            <KEYWORD2>TIMES</KEYWORD2>
            <KEYWORD1>TO</KEYWORD1>
            <KEYWORD2>TOKEN</KEYWORD2>
            <KEYWORD2>TRANSLATE</KEYWORD2>
            <KEYWORD2>TRUE</KEYWORD2>
            <OPERATOR>TRUNCATE</OPERATOR>
            <KEYWORD3>UC</KEYWORD3>
            <OPERATOR>UL</OPERATOR>
            <OPERATOR>UNANCHORED</OPERATOR>
            <KEYWORD2>UNATTACHED</KEYWORD2>
            <KEYWORD2>UNBUFFERED</KEYWORD2>
            <OPERATOR>UNION</OPERATOR>
            <KEYWORD1>UNLESS</KEYWORD1>
            <KEYWORD2>UP-TRANSLATE</KEYWORD2>
            <OPERATOR>USEMAP</OPERATOR>
            <KEYWORD1>USING</KEYWORD1>
            <KEYWORD2>VALUE</KEYWORD2>
            <KEYWORD3>VALUE-END</KEYWORD3>
            <KEYWORD3>VALUE-START</KEYWORD3>
            <KEYWORD2>VALUED</KEYWORD2>
            <KEYWORD2>VARIABLE</KEYWORD2>
            <KEYWORD1>WHEN</KEYWORD1>
            <KEYWORD3>WHITE-SPACE</KEYWORD3>
            <OPERATOR>WITH</OPERATOR>
            <KEYWORD3>WORD-END</KEYWORD3>
            <KEYWORD3>WORD-START</KEYWORD3>
            <KEYWORD2>WRITABLE</KEYWORD2>
            <KEYWORD2>XML</KEYWORD2>
            <KEYWORD2>XML-DTD</KEYWORD2>
            <KEYWORD2>XML-DTDS</KEYWORD2>
            <KEYWORD1>XML-PARSE</KEYWORD1>
            <KEYWORD2>YES</KEYWORD2>
        </KEYWORDS>
    </RULES>
</MODE>
