<?xml version="1.0"?>

<!DOCTYPE MODE SYSTEM "xmode.dtd">

<MODE>
	<PROPS>
		<PROPERTY NAME="indentOpenBrackets" VALUE="{" />
		<PROPERTY NAME="indentCloseBrackets" VALUE="}" />
		<PROPERTY NAME="lineUpClosingBracket" VALUE="true" />
		<PROPERTY NAME="commentStart" VALUE="&lt;!--" />
		<PROPERTY NAME="commentEnd" VALUE="--&gt;" />
	</PROPS>
	<RULES IGNORE_CASE="TRUE">
		<SPAN TYPE="MARKUP" DELEGATE="PHP">
			<BEGIN>&lt;?php</BEGIN>
			<END>?&gt;</END>
		</SPAN>

		<SPAN TYPE="MARKUP" DELEGATE="PHP">
			<BEGIN>&lt;?</BEGIN>
			<END>?&gt;</END>
		</SPAN>

		<SPAN TYPE="MARKUP" DELEGATE="PHP">
			<BEGIN>&lt;%=</BEGIN>
			<END>%&gt;</END>
		</SPAN>

		<!-- SGML comment -->
		<SPAN TYPE="COMMENT1">
			<BEGIN>&lt;!--</BEGIN>
			<END>--&gt;</END>
		</SPAN>

		<!-- JavaScript -->
		<SPAN TYPE="MARKUP" DELEGATE="html::JAVASCRIPT">
			<BEGIN>&lt;SCRIPT</BEGIN>
			<END>&lt;/SCRIPT&gt;</END>
		</SPAN>

		<!-- stylesheet -->
		<SPAN TYPE="MARKUP" DELEGATE="html::CSS">
			<BEGIN>&lt;STYLE</BEGIN>
			<END>&lt;/STYLE&gt;</END>
		</SPAN>

		<!-- DTD instructions -->
		<SPAN TYPE="KEYWORD2" DELEGATE="xml::DTD-TAGS">
			<BEGIN>&lt;!</BEGIN>
			<END>&gt;</END>
		</SPAN>

		<!-- markup tags -->
		<SPAN TYPE="MARKUP" DELEGATE="TAGS">
			<BEGIN>&lt;</BEGIN>
			<END>&gt;</END>
		</SPAN>

		<!-- SGML entities -->
		<SPAN TYPE="LITERAL2" NO_WORD_BREAK="TRUE">
			<BEGIN>&amp;</BEGIN>
			<END>;</END>
		</SPAN>
	</RULES>

	<RULES SET="TAGS" DEFAULT="MARKUP">
		<SPAN TYPE="MARKUP" DELEGATE="PHP">
			<BEGIN>&lt;?php</BEGIN>
			<END>?&gt;</END>
		</SPAN>

		<SPAN TYPE="MARKUP" DELEGATE="PHP">
			<BEGIN>&lt;?</BEGIN>
			<END>?&gt;</END>
		</SPAN>

		<SPAN TYPE="MARKUP" DELEGATE="PHP">
			<BEGIN>&lt;%=</BEGIN>
			<END>%&gt;</END>
		</SPAN>

		<SPAN TYPE="LITERAL1" DELEGATE="TAGS_LITERAL">
			<BEGIN>"</BEGIN>
			<END>"</END>
		</SPAN>

		<SPAN TYPE="LITERAL1" DELEGATE="TAGS_LITERAL">
			<BEGIN>'</BEGIN>
			<END>'</END>
		</SPAN>

		<SEQ TYPE="OPERATOR">=</SEQ>
	</RULES>

	<RULES SET="TAGS_LITERAL" DEFAULT="LITERAL1">
		<SPAN TYPE="MARKUP" DELEGATE="PHP">
			<BEGIN>&lt;?php</BEGIN>
			<END>?&gt;</END>
		</SPAN>

		<SPAN TYPE="MARKUP" DELEGATE="PHP">
			<BEGIN>&lt;?</BEGIN>
			<END>?&gt;</END>
		</SPAN>

		<SPAN TYPE="MARKUP" DELEGATE="PHP">
			<BEGIN>&lt;%=</BEGIN>
			<END>%&gt;</END>
		</SPAN>
	</RULES>

	<RULES SET="PHP" ESCAPE="\" HIGHLIGHT_DIGITS="TRUE">
		<PROPS>
			<PROPERTY NAME="commentStart" VALUE="/*" />
			<PROPERTY NAME="lineComment" VALUE="//" />
		</PROPS>

		<SPAN TYPE="COMMENT1">
			<BEGIN>/*</BEGIN>
			<END>*/</END>
		</SPAN>

		<SPAN TYPE="LITERAL1" DELEGATE="PHP_LITERAL">
			<BEGIN>"</BEGIN>
			<END>"</END>
		</SPAN>
		<SPAN TYPE="LITERAL1">
			<BEGIN>'</BEGIN>
			<END>'</END>
		</SPAN>
		<SPAN TYPE="LITERAL1" DELEGATE="PHP_LITERAL">
			<BEGIN>`</BEGIN>
			<END>`</END>
		</SPAN>

		<EOL_SPAN TYPE="COMMENT1">//</EOL_SPAN>
		<EOL_SPAN TYPE="COMMENT1">#</EOL_SPAN>

		<MARK_FOLLOWING TYPE="KEYWORD3">$</MARK_FOLLOWING>

		<SEQ TYPE="OPERATOR">=</SEQ>
		<SEQ TYPE="OPERATOR">-&gt;</SEQ>
		<SEQ TYPE="OPERATOR">!</SEQ>
		<SEQ TYPE="OPERATOR">&gt;=</SEQ>
		<SEQ TYPE="OPERATOR">&lt;=</SEQ>
		<SEQ TYPE="OPERATOR">=</SEQ>
		<SEQ TYPE="OPERATOR">+</SEQ>
		<SEQ TYPE="OPERATOR">-</SEQ>
		<SEQ TYPE="OPERATOR">/</SEQ>
		<SEQ TYPE="OPERATOR">*</SEQ>
		<SEQ TYPE="OPERATOR">&gt;</SEQ>
		<SEQ TYPE="OPERATOR">&lt;</SEQ>
		<SEQ TYPE="OPERATOR">%</SEQ>
		<SEQ TYPE="OPERATOR">&amp;</SEQ>
		<SEQ TYPE="OPERATOR">|</SEQ>
		<SEQ TYPE="OPERATOR">^</SEQ>
		<SEQ TYPE="OPERATOR">~</SEQ>
		<SEQ TYPE="OPERATOR">.</SEQ>
		<SEQ TYPE="OPERATOR">}</SEQ>
		<SEQ TYPE="OPERATOR">{</SEQ>
		<SEQ TYPE="OPERATOR">,</SEQ>
		<SEQ TYPE="OPERATOR">;</SEQ>
		<SEQ TYPE="OPERATOR">]</SEQ>
		<SEQ TYPE="OPERATOR">[</SEQ>
		<SEQ TYPE="OPERATOR">?</SEQ>
		<SEQ TYPE="OPERATOR">@</SEQ>
		<SEQ TYPE="OPERATOR">:</SEQ>

		<MARK_PREVIOUS TYPE="FUNCTION" EXCLUDE_MATCH="TRUE">(</MARK_PREVIOUS>

		<!-- <MARK_PREVIOUS TYPE="FUNCTION" EXCLUDE_MATCH="TRUE"
			NO_WORD_BREAK="TRUE"> (</MARK_PREVIOUS> -->

		<!-- <MARK_FOLLOWING TYPE="FUNCTION" EXCLUDE_MATCH="TRUE"
			NO_WORD_BREAK="TRUE">class </MARK_FOLLOWING> -->

		<KEYWORDS>
			<OPERATOR>and</OPERATOR>
			<OPERATOR>or</OPERATOR>
			<!-- Language constructs (24) -->
			<KEYWORD1>if</KEYWORD1>
			<KEYWORD1>elseif</KEYWORD1>
			<KEYWORD1>else</KEYWORD1>
			<KEYWORD1>endif</KEYWORD1>
			<KEYWORD1>for</KEYWORD1>
			<KEYWORD1>endfor</KEYWORD1>
			<KEYWORD1>while</KEYWORD1>
			<KEYWORD1>endwhile</KEYWORD1>
			<KEYWORD1>switch</KEYWORD1>
			<KEYWORD1>case</KEYWORD1>
			<KEYWORD1>endswitch</KEYWORD1>
			<KEYWORD1>break</KEYWORD1>
			<KEYWORD1>continue</KEYWORD1>
			<KEYWORD1>return</KEYWORD1>
			<KEYWORD1>define</KEYWORD1>
			<KEYWORD1>include</KEYWORD1>
			<KEYWORD1>include_once</KEYWORD1>
			<KEYWORD1>require</KEYWORD1>
			<KEYWORD1>require_once</KEYWORD1>
			<KEYWORD1>function</KEYWORD1>
			<KEYWORD1>class</KEYWORD1>
			<KEYWORD1>new</KEYWORD1>
			<KEYWORD1>do</KEYWORD1>
			<KEYWORD1>old_function</KEYWORD1>
			<KEYWORD1>default</KEYWORD1>
			<KEYWORD1>global</KEYWORD1>
			<KEYWORD1>static</KEYWORD1>
			<KEYWORD1>foreach</KEYWORD1>
			<KEYWORD1>as</KEYWORD1>
			<KEYWORD1>endforeach</KEYWORD1>
			<KEYWORD1>extends</KEYWORD1>
			<KEYWORD1>empty</KEYWORD1>
			<KEYWORD1>array</KEYWORD1>
			<KEYWORD1>isset</KEYWORD1>
			<KEYWORD1>echo</KEYWORD1>
			<KEYWORD1>var</KEYWORD1>

			<KEYWORD3>__LINE__</KEYWORD3>
			<KEYWORD3>__FILE__</KEYWORD3>
			<KEYWORD3>true</KEYWORD3>
			<KEYWORD3>false</KEYWORD3>
			<KEYWORD3>null</KEYWORD3>

			<KEYWORD2>COM_invoke</KEYWORD2>
			<KEYWORD2>COM_load</KEYWORD2>
			<KEYWORD2>abs</KEYWORD2>
			<KEYWORD2>accept_connect</KEYWORD2>
			<KEYWORD2>acos</KEYWORD2>
			<KEYWORD2>add</KEYWORD2>
			<KEYWORD2>add</KEYWORD2>
			<KEYWORD2>add_iovec</KEYWORD2>
			<KEYWORD2>addaction</KEYWORD2>
			<KEYWORD2>addcolor</KEYWORD2>
			<KEYWORD2>addcslashes</KEYWORD2>
			<KEYWORD2>addentry</KEYWORD2>
			<KEYWORD2>addfill</KEYWORD2>
			<KEYWORD2>addshape</KEYWORD2>
			<KEYWORD2>addslashes</KEYWORD2>
			<KEYWORD2>addstring</KEYWORD2>
			<KEYWORD2>addstring</KEYWORD2>
			<KEYWORD2>align</KEYWORD2>
			<KEYWORD2>apache_child_terminate</KEYWORD2>
			<KEYWORD2>apache_lookup_uri</KEYWORD2>
			<KEYWORD2>apache_lookup_uri</KEYWORD2>
			<KEYWORD2>apache_note</KEYWORD2>
			<KEYWORD2>apache_sub_req</KEYWORD2>
			<KEYWORD2>array_count_values</KEYWORD2>
			<KEYWORD2>array_diff</KEYWORD2>
			<KEYWORD2>array_filter</KEYWORD2>
			<KEYWORD2>array_flip</KEYWORD2>
			<KEYWORD2>array_intersect</KEYWORD2>
			<KEYWORD2>array_keys</KEYWORD2>
			<KEYWORD2>array_map</KEYWORD2>
			<KEYWORD2>array_merge</KEYWORD2>
			<KEYWORD2>array_merge_recursive</KEYWORD2>
			<KEYWORD2>array_multisort</KEYWORD2>
			<KEYWORD2>array_pad</KEYWORD2>
			<KEYWORD2>array_pop</KEYWORD2>
			<KEYWORD2>array_push</KEYWORD2>
			<KEYWORD2>array_rand</KEYWORD2>
			<KEYWORD2>array_reduce</KEYWORD2>
			<KEYWORD2>array_reverse</KEYWORD2>
			<KEYWORD2>array_search</KEYWORD2>
			<KEYWORD2>array_shift</KEYWORD2>
			<KEYWORD2>array_slice</KEYWORD2>
			<KEYWORD2>array_splice</KEYWORD2>
			<KEYWORD2>array_sum</KEYWORD2>
			<KEYWORD2>array_unique</KEYWORD2>
			<KEYWORD2>array_unshift</KEYWORD2>
			<KEYWORD2>array_values</KEYWORD2>
			<KEYWORD2>array_walk</KEYWORD2>
			<KEYWORD2>arsort</KEYWORD2>
			<KEYWORD2>asin</KEYWORD2>
			<KEYWORD2>asort</KEYWORD2>
			<KEYWORD2>aspell_check</KEYWORD2>
			<KEYWORD2>aspell_check_raw</KEYWORD2>
			<KEYWORD2>aspell_new</KEYWORD2>
			<KEYWORD2>aspell_suggest</KEYWORD2>
			<KEYWORD2>assert</KEYWORD2>
			<KEYWORD2>assert_options</KEYWORD2>
			<KEYWORD2>atan</KEYWORD2>
			<KEYWORD2>atan2</KEYWORD2>
			<KEYWORD2>base64_decode</KEYWORD2>
			<KEYWORD2>base64_encode</KEYWORD2>
			<KEYWORD2>base_convert</KEYWORD2>
			<KEYWORD2>basename</KEYWORD2>
			<KEYWORD2>bcadd</KEYWORD2>
			<KEYWORD2>bccomp</KEYWORD2>
			<KEYWORD2>bcdiv</KEYWORD2>
			<KEYWORD2>bcmod</KEYWORD2>
			<KEYWORD2>bcmul</KEYWORD2>
			<KEYWORD2>bcpow</KEYWORD2>
			<KEYWORD2>bcscale</KEYWORD2>
			<KEYWORD2>bcsqrt</KEYWORD2>
			<KEYWORD2>bcsub</KEYWORD2>
			<KEYWORD2>bin2hex</KEYWORD2>
			<KEYWORD2>bind</KEYWORD2>
			<KEYWORD2>bindec</KEYWORD2>
			<KEYWORD2>bindtextdomain</KEYWORD2>
			<KEYWORD2>build_iovec</KEYWORD2>
			<KEYWORD2>bzclose</KEYWORD2>
			<KEYWORD2>bzcompress</KEYWORD2>
			<KEYWORD2>bzdecompress</KEYWORD2>
			<KEYWORD2>bzerrno</KEYWORD2>
			<KEYWORD2>bzerror</KEYWORD2>
			<KEYWORD2>bzerrstr</KEYWORD2>
			<KEYWORD2>bzflush</KEYWORD2>
			<KEYWORD2>bzopen</KEYWORD2>
			<KEYWORD2>bzread</KEYWORD2>
			<KEYWORD2>bzwrite</KEYWORD2>
			<KEYWORD2>call_user_func</KEYWORD2>
			<KEYWORD2>call_user_func_array</KEYWORD2>
			<KEYWORD2>call_user_method</KEYWORD2>
			<KEYWORD2>call_user_method_array</KEYWORD2>
			<KEYWORD2>ccvs_add</KEYWORD2>
			<KEYWORD2>ccvs_auth</KEYWORD2>
			<KEYWORD2>ccvs_command</KEYWORD2>
			<KEYWORD2>ccvs_count</KEYWORD2>
			<KEYWORD2>ccvs_delete</KEYWORD2>
			<KEYWORD2>ccvs_done</KEYWORD2>
			<KEYWORD2>ccvs_init</KEYWORD2>
			<KEYWORD2>ccvs_lookup</KEYWORD2>
			<KEYWORD2>ccvs_new</KEYWORD2>
			<KEYWORD2>ccvs_report</KEYWORD2>
			<KEYWORD2>ccvs_return</KEYWORD2>
			<KEYWORD2>ccvs_reverse</KEYWORD2>
			<KEYWORD2>ccvs_sale</KEYWORD2>
			<KEYWORD2>ccvs_status</KEYWORD2>
			<KEYWORD2>ccvs_textvalue</KEYWORD2>
			<KEYWORD2>ccvs_void</KEYWORD2>
			<KEYWORD2>ceil</KEYWORD2>
			<KEYWORD2>chdir</KEYWORD2>
			<KEYWORD2>checkdate</KEYWORD2>
			<KEYWORD2>checkdnsrr</KEYWORD2>
			<KEYWORD2>checkdnsrr</KEYWORD2>
			<KEYWORD2>chgrp</KEYWORD2>
			<KEYWORD2>chmod</KEYWORD2>
			<KEYWORD2>chop</KEYWORD2>
			<KEYWORD2>chown</KEYWORD2>
			<KEYWORD2>chr</KEYWORD2>
			<KEYWORD2>chroot</KEYWORD2>
			<KEYWORD2>chroot</KEYWORD2>
			<KEYWORD2>chunk_split</KEYWORD2>
			<KEYWORD2>class_exists</KEYWORD2>
			<KEYWORD2>clearstatcache</KEYWORD2>
			<KEYWORD2>close</KEYWORD2>
			<KEYWORD2>closedir</KEYWORD2>
			<KEYWORD2>closelog</KEYWORD2>
			<KEYWORD2>com_get</KEYWORD2>
			<KEYWORD2>com_propget</KEYWORD2>
			<KEYWORD2>com_propput</KEYWORD2>
			<KEYWORD2>com_propset</KEYWORD2>
			<KEYWORD2>com_set</KEYWORD2>
			<KEYWORD2>compact</KEYWORD2>
			<KEYWORD2>confirm_cybermut_compiled</KEYWORD2>
			<KEYWORD2>confirm_extname_compiled</KEYWORD2>
			<KEYWORD2>connect</KEYWORD2>
			<KEYWORD2>connection_aborted</KEYWORD2>
			<KEYWORD2>connection_status</KEYWORD2>
			<KEYWORD2>constant</KEYWORD2>
			<KEYWORD2>convert_cyr_string</KEYWORD2>
			<KEYWORD2>copy</KEYWORD2>
			<KEYWORD2>cos</KEYWORD2>
			<KEYWORD2>count</KEYWORD2>
			<KEYWORD2>count_chars</KEYWORD2>
			<KEYWORD2>cpdf_add_annotation</KEYWORD2>
			<KEYWORD2>cpdf_add_outline</KEYWORD2>
			<KEYWORD2>cpdf_arc</KEYWORD2>
			<KEYWORD2>cpdf_begin_text</KEYWORD2>
			<KEYWORD2>cpdf_circle</KEYWORD2>
			<KEYWORD2>cpdf_clip</KEYWORD2>
			<KEYWORD2>cpdf_close</KEYWORD2>
			<KEYWORD2>cpdf_closepath</KEYWORD2>
			<KEYWORD2>cpdf_closepath_fill_stroke</KEYWORD2>
			<KEYWORD2>cpdf_closepath_stroke</KEYWORD2>
			<KEYWORD2>cpdf_continue_text</KEYWORD2>
			<KEYWORD2>cpdf_curveto</KEYWORD2>
			<KEYWORD2>cpdf_end_text</KEYWORD2>
			<KEYWORD2>cpdf_fill</KEYWORD2>
			<KEYWORD2>cpdf_fill_stroke</KEYWORD2>
			<KEYWORD2>cpdf_finalize</KEYWORD2>
			<KEYWORD2>cpdf_finalize_page</KEYWORD2>
			<KEYWORD2>cpdf_global_set_document_limits</KEYWORD2>
			<KEYWORD2>cpdf_import_jpeg</KEYWORD2>
			<KEYWORD2>cpdf_lineto</KEYWORD2>
			<KEYWORD2>cpdf_moveto</KEYWORD2>
			<KEYWORD2>cpdf_newpath</KEYWORD2>
			<KEYWORD2>cpdf_open</KEYWORD2>
			<KEYWORD2>cpdf_output_buffer</KEYWORD2>
			<KEYWORD2>cpdf_page_init</KEYWORD2>
			<KEYWORD2>cpdf_place_inline_image</KEYWORD2>
			<KEYWORD2>cpdf_rect</KEYWORD2>
			<KEYWORD2>cpdf_restore</KEYWORD2>
			<KEYWORD2>cpdf_rlineto</KEYWORD2>
			<KEYWORD2>cpdf_rmoveto</KEYWORD2>
			<KEYWORD2>cpdf_rotate</KEYWORD2>
			<KEYWORD2>cpdf_rotate_text</KEYWORD2>
			<KEYWORD2>cpdf_save</KEYWORD2>
			<KEYWORD2>cpdf_save_to_file</KEYWORD2>
			<KEYWORD2>cpdf_scale</KEYWORD2>
			<KEYWORD2>cpdf_set_action_url</KEYWORD2>
			<KEYWORD2>cpdf_set_char_spacing</KEYWORD2>
			<KEYWORD2>cpdf_set_creator</KEYWORD2>
			<KEYWORD2>cpdf_set_current_page</KEYWORD2>
			<KEYWORD2>cpdf_set_font</KEYWORD2>
			<KEYWORD2>cpdf_set_font_directories</KEYWORD2>
			<KEYWORD2>cpdf_set_font_map_file</KEYWORD2>
			<KEYWORD2>cpdf_set_horiz_scaling</KEYWORD2>
			<KEYWORD2>cpdf_set_keywords</KEYWORD2>
			<KEYWORD2>cpdf_set_leading</KEYWORD2>
			<KEYWORD2>cpdf_set_page_animation</KEYWORD2>
			<KEYWORD2>cpdf_set_subject</KEYWORD2>
			<KEYWORD2>cpdf_set_text_matrix</KEYWORD2>
			<KEYWORD2>cpdf_set_text_pos</KEYWORD2>
			<KEYWORD2>cpdf_set_text_rendering</KEYWORD2>
			<KEYWORD2>cpdf_set_text_rise</KEYWORD2>
			<KEYWORD2>cpdf_set_title</KEYWORD2>
			<KEYWORD2>cpdf_set_viewer_preferences</KEYWORD2>
			<KEYWORD2>cpdf_set_word_spacing</KEYWORD2>
			<KEYWORD2>cpdf_setdash</KEYWORD2>
			<KEYWORD2>cpdf_setflat</KEYWORD2>
			<KEYWORD2>cpdf_setgray</KEYWORD2>
			<KEYWORD2>cpdf_setgray_fill</KEYWORD2>
			<KEYWORD2>cpdf_setgray_stroke</KEYWORD2>
			<KEYWORD2>cpdf_setlinecap</KEYWORD2>
			<KEYWORD2>cpdf_setlinejoin</KEYWORD2>
			<KEYWORD2>cpdf_setlinewidth</KEYWORD2>
			<KEYWORD2>cpdf_setmiterlimit</KEYWORD2>
			<KEYWORD2>cpdf_setrgbcolor</KEYWORD2>
			<KEYWORD2>cpdf_setrgbcolor_fill</KEYWORD2>
			<KEYWORD2>cpdf_setrgbcolor_stroke</KEYWORD2>
			<KEYWORD2>cpdf_show</KEYWORD2>
			<KEYWORD2>cpdf_show_xy</KEYWORD2>
			<KEYWORD2>cpdf_stringwidth</KEYWORD2>
			<KEYWORD2>cpdf_stroke</KEYWORD2>
			<KEYWORD2>cpdf_text</KEYWORD2>
			<KEYWORD2>cpdf_translate</KEYWORD2>
			<KEYWORD2>crack_check</KEYWORD2>
			<KEYWORD2>crack_closedict</KEYWORD2>
			<KEYWORD2>crack_getlastmessage</KEYWORD2>
			<KEYWORD2>crack_opendict</KEYWORD2>
			<KEYWORD2>crash</KEYWORD2>
			<KEYWORD2>crc32</KEYWORD2>
			<KEYWORD2>create_function</KEYWORD2>
			<KEYWORD2>crypt</KEYWORD2>
			<KEYWORD2>crypt</KEYWORD2>
			<KEYWORD2>ctype_alnum</KEYWORD2>
			<KEYWORD2>ctype_alpha</KEYWORD2>
			<KEYWORD2>ctype_cntrl</KEYWORD2>
			<KEYWORD2>ctype_digit</KEYWORD2>
			<KEYWORD2>ctype_graph</KEYWORD2>
			<KEYWORD2>ctype_lower</KEYWORD2>
			<KEYWORD2>ctype_print</KEYWORD2>
			<KEYWORD2>ctype_punct</KEYWORD2>
			<KEYWORD2>ctype_space</KEYWORD2>
			<KEYWORD2>ctype_upper</KEYWORD2>
			<KEYWORD2>ctype_xdigit</KEYWORD2>
			<KEYWORD2>curl_close</KEYWORD2>
			<KEYWORD2>curl_errno</KEYWORD2>
			<KEYWORD2>curl_error</KEYWORD2>
			<KEYWORD2>curl_exec</KEYWORD2>
			<KEYWORD2>curl_getinfo</KEYWORD2>
			<KEYWORD2>curl_getinfo</KEYWORD2>
			<KEYWORD2>curl_init</KEYWORD2>
			<KEYWORD2>curl_setopt</KEYWORD2>
			<KEYWORD2>curl_version</KEYWORD2>
			<KEYWORD2>current</KEYWORD2>
			<KEYWORD2>cv_add</KEYWORD2>
			<KEYWORD2>cv_auth</KEYWORD2>
			<KEYWORD2>cv_command</KEYWORD2>
			<KEYWORD2>cv_count</KEYWORD2>
			<KEYWORD2>cv_delete</KEYWORD2>
			<KEYWORD2>cv_done</KEYWORD2>
			<KEYWORD2>cv_init</KEYWORD2>
			<KEYWORD2>cv_lookup</KEYWORD2>
			<KEYWORD2>cv_new</KEYWORD2>
			<KEYWORD2>cv_report</KEYWORD2>
			<KEYWORD2>cv_return</KEYWORD2>
			<KEYWORD2>cv_reverse</KEYWORD2>
			<KEYWORD2>cv_sale</KEYWORD2>
			<KEYWORD2>cv_status</KEYWORD2>
			<KEYWORD2>cv_textvalue</KEYWORD2>
			<KEYWORD2>cv_void</KEYWORD2>
			<KEYWORD2>cybercash_base64_decode</KEYWORD2>
			<KEYWORD2>cybercash_base64_encode</KEYWORD2>
			<KEYWORD2>cybercash_decr</KEYWORD2>
			<KEYWORD2>cybercash_encr</KEYWORD2>
			<KEYWORD2>cybermut_creerformulairecm</KEYWORD2>
			<KEYWORD2>cybermut_creerreponsecm</KEYWORD2>
			<KEYWORD2>cybermut_testmac</KEYWORD2>
			<KEYWORD2>date</KEYWORD2>
			<KEYWORD2>dba_close</KEYWORD2>
			<KEYWORD2>dba_delete</KEYWORD2>
			<KEYWORD2>dba_exists</KEYWORD2>
			<KEYWORD2>dba_fetch</KEYWORD2>
			<KEYWORD2>dba_firstkey</KEYWORD2>
			<KEYWORD2>dba_insert</KEYWORD2>
			<KEYWORD2>dba_nextkey</KEYWORD2>
			<KEYWORD2>dba_open</KEYWORD2>
			<KEYWORD2>dba_optimize</KEYWORD2>
			<KEYWORD2>dba_popen</KEYWORD2>
			<KEYWORD2>dba_replace</KEYWORD2>
			<KEYWORD2>dba_sync</KEYWORD2>
			<KEYWORD2>dbase_add_record</KEYWORD2>
			<KEYWORD2>dbase_close</KEYWORD2>
			<KEYWORD2>dbase_create</KEYWORD2>
			<KEYWORD2>dbase_delete_record</KEYWORD2>
			<KEYWORD2>dbase_get_record</KEYWORD2>
			<KEYWORD2>dbase_get_record_with_names</KEYWORD2>
			<KEYWORD2>dbase_numfields</KEYWORD2>
			<KEYWORD2>dbase_numrecords</KEYWORD2>
			<KEYWORD2>dbase_open</KEYWORD2>
			<KEYWORD2>dbase_pack</KEYWORD2>
			<KEYWORD2>dbase_replace_record</KEYWORD2>
			<KEYWORD2>dblist</KEYWORD2>
			<KEYWORD2>dbmclose</KEYWORD2>
			<KEYWORD2>dbmdelete</KEYWORD2>
			<KEYWORD2>dbmexists</KEYWORD2>
			<KEYWORD2>dbmfetch</KEYWORD2>
			<KEYWORD2>dbmfirstkey</KEYWORD2>
			<KEYWORD2>dbminsert</KEYWORD2>
			<KEYWORD2>dbmnextkey</KEYWORD2>
			<KEYWORD2>dbmopen</KEYWORD2>
			<KEYWORD2>dbmreplace</KEYWORD2>
			<KEYWORD2>dbx_close</KEYWORD2>
			<KEYWORD2>dbx_cmp_asc</KEYWORD2>
			<KEYWORD2>dbx_cmp_desc</KEYWORD2>
			<KEYWORD2>dbx_connect</KEYWORD2>
			<KEYWORD2>dbx_error</KEYWORD2>
			<KEYWORD2>dbx_query</KEYWORD2>
			<KEYWORD2>dbx_sort</KEYWORD2>
			<KEYWORD2>dcgettext</KEYWORD2>
			<KEYWORD2>decbin</KEYWORD2>
			<KEYWORD2>dechex</KEYWORD2>
			<KEYWORD2>decoct</KEYWORD2>
			<KEYWORD2>define</KEYWORD2>
			<KEYWORD2>define_syslog_variables</KEYWORD2>
			<KEYWORD2>defined</KEYWORD2>
			<KEYWORD2>deg2rad</KEYWORD2>
			<KEYWORD2>delete_iovec</KEYWORD2>
			<KEYWORD2>dgettext</KEYWORD2>
			<KEYWORD2>die</KEYWORD2>
			<KEYWORD2>dir</KEYWORD2>
			<KEYWORD2>dirname</KEYWORD2>
			<KEYWORD2>diskfreespace</KEYWORD2>
			<KEYWORD2>display_disabled_function</KEYWORD2>
			<KEYWORD2>dl</KEYWORD2>
			<KEYWORD2>domxml_add_root</KEYWORD2>
			<KEYWORD2>domxml_attributes</KEYWORD2>
			<KEYWORD2>domxml_children</KEYWORD2>
			<KEYWORD2>domxml_dumpmem</KEYWORD2>
			<KEYWORD2>domxml_elem_get_attribute</KEYWORD2>
			<KEYWORD2>domxml_elem_set_attribute</KEYWORD2>
			<KEYWORD2>domxml_get_attribute</KEYWORD2>
			<KEYWORD2>domxml_getattr</KEYWORD2>
			<KEYWORD2>domxml_new_child</KEYWORD2>
			<KEYWORD2>domxml_new_xmldoc</KEYWORD2>
			<KEYWORD2>domxml_node</KEYWORD2>
			<KEYWORD2>domxml_node_attributes</KEYWORD2>
			<KEYWORD2>domxml_node_children</KEYWORD2>
			<KEYWORD2>domxml_node_new_child</KEYWORD2>
			<KEYWORD2>domxml_node_set_content</KEYWORD2>
			<KEYWORD2>domxml_node_unlink_node</KEYWORD2>
			<KEYWORD2>domxml_root</KEYWORD2>
			<KEYWORD2>domxml_set_attribute</KEYWORD2>
			<KEYWORD2>domxml_setattr</KEYWORD2>
			<KEYWORD2>domxml_unlink_node</KEYWORD2>
			<KEYWORD2>domxml_version</KEYWORD2>
			<KEYWORD2>doubleval</KEYWORD2>
			<KEYWORD2>drawarc</KEYWORD2>
			<KEYWORD2>drawcircle</KEYWORD2>
			<KEYWORD2>drawcubic</KEYWORD2>
			<KEYWORD2>drawcubicto</KEYWORD2>
			<KEYWORD2>drawcurve</KEYWORD2>
			<KEYWORD2>drawcurveto</KEYWORD2>
			<KEYWORD2>drawglyph</KEYWORD2>
			<KEYWORD2>drawline</KEYWORD2>
			<KEYWORD2>drawlineto</KEYWORD2>
			<KEYWORD2>each</KEYWORD2>
			<KEYWORD2>easter_date</KEYWORD2>
			<KEYWORD2>easter_days</KEYWORD2>
			<KEYWORD2>end</KEYWORD2>
			<KEYWORD2>ereg</KEYWORD2>
			<KEYWORD2>ereg_replace</KEYWORD2>
			<KEYWORD2>eregi</KEYWORD2>
			<KEYWORD2>eregi_replace</KEYWORD2>
			<KEYWORD2>error_log</KEYWORD2>
			<KEYWORD2>error_reporting</KEYWORD2>
			<KEYWORD2>escapeshellarg</KEYWORD2>
			<KEYWORD2>escapeshellcmd</KEYWORD2>
			<KEYWORD2>exec</KEYWORD2>
			<KEYWORD2>exit</KEYWORD2>
			<KEYWORD2>exp</KEYWORD2>
			<KEYWORD2>explode</KEYWORD2>
			<KEYWORD2>extension_loaded</KEYWORD2>
			<KEYWORD2>extract</KEYWORD2>
			<KEYWORD2>ezmlm_hash</KEYWORD2>
			<KEYWORD2>ezmlm_hash</KEYWORD2>
			<KEYWORD2>fbsql</KEYWORD2>
			<KEYWORD2>fbsql_affected_rows</KEYWORD2>
			<KEYWORD2>fbsql_autocommit</KEYWORD2>
			<KEYWORD2>fbsql_close</KEYWORD2>
			<KEYWORD2>fbsql_commit</KEYWORD2>
			<KEYWORD2>fbsql_connect</KEYWORD2>
			<KEYWORD2>fbsql_create_db</KEYWORD2>
			<KEYWORD2>fbsql_data_seek</KEYWORD2>
			<KEYWORD2>fbsql_database</KEYWORD2>
			<KEYWORD2>fbsql_database_password</KEYWORD2>
			<KEYWORD2>fbsql_db_query</KEYWORD2>
			<KEYWORD2>fbsql_drop_db</KEYWORD2>
			<KEYWORD2>fbsql_errno</KEYWORD2>
			<KEYWORD2>fbsql_error</KEYWORD2>
			<KEYWORD2>fbsql_fetch_array</KEYWORD2>
			<KEYWORD2>fbsql_fetch_assoc</KEYWORD2>
			<KEYWORD2>fbsql_fetch_field</KEYWORD2>
			<KEYWORD2>fbsql_fetch_lengths</KEYWORD2>
			<KEYWORD2>fbsql_fetch_object</KEYWORD2>
			<KEYWORD2>fbsql_fetch_row</KEYWORD2>
			<KEYWORD2>fbsql_field_flags</KEYWORD2>
			<KEYWORD2>fbsql_field_len</KEYWORD2>
			<KEYWORD2>fbsql_field_name</KEYWORD2>
			<KEYWORD2>fbsql_field_seek</KEYWORD2>
			<KEYWORD2>fbsql_field_table</KEYWORD2>
			<KEYWORD2>fbsql_field_type</KEYWORD2>
			<KEYWORD2>fbsql_free_result</KEYWORD2>
			<KEYWORD2>fbsql_hostname</KEYWORD2>
			<KEYWORD2>fbsql_insert_id</KEYWORD2>
			<KEYWORD2>fbsql_list_dbs</KEYWORD2>
			<KEYWORD2>fbsql_list_fields</KEYWORD2>
			<KEYWORD2>fbsql_list_tables</KEYWORD2>
			<KEYWORD2>fbsql_next_result</KEYWORD2>
			<KEYWORD2>fbsql_num_fields</KEYWORD2>
			<KEYWORD2>fbsql_num_rows</KEYWORD2>
			<KEYWORD2>fbsql_password</KEYWORD2>
			<KEYWORD2>fbsql_pconnect</KEYWORD2>
			<KEYWORD2>fbsql_query</KEYWORD2>
			<KEYWORD2>fbsql_result</KEYWORD2>
			<KEYWORD2>fbsql_rollback</KEYWORD2>
			<KEYWORD2>fbsql_select_db</KEYWORD2>
			<KEYWORD2>fbsql_start_db</KEYWORD2>
			<KEYWORD2>fbsql_stop_db</KEYWORD2>
			<KEYWORD2>fbsql_username</KEYWORD2>
			<KEYWORD2>fbsql_warnings</KEYWORD2>
			<KEYWORD2>fclose</KEYWORD2>
			<KEYWORD2>fd_alloc</KEYWORD2>
			<KEYWORD2>fd_clear</KEYWORD2>
			<KEYWORD2>fd_dealloc</KEYWORD2>
			<KEYWORD2>fd_isset</KEYWORD2>
			<KEYWORD2>fd_set</KEYWORD2>
			<KEYWORD2>fd_zero</KEYWORD2>
			<KEYWORD2>fdf_add_template</KEYWORD2>
			<KEYWORD2>fdf_close</KEYWORD2>
			<KEYWORD2>fdf_create</KEYWORD2>
			<KEYWORD2>fdf_get_file</KEYWORD2>
			<KEYWORD2>fdf_get_status</KEYWORD2>
			<KEYWORD2>fdf_get_value</KEYWORD2>
			<KEYWORD2>fdf_next_field_name</KEYWORD2>
			<KEYWORD2>fdf_open</KEYWORD2>
			<KEYWORD2>fdf_save</KEYWORD2>
			<KEYWORD2>fdf_set_ap</KEYWORD2>
			<KEYWORD2>fdf_set_file</KEYWORD2>
			<KEYWORD2>fdf_set_flags</KEYWORD2>
			<KEYWORD2>fdf_set_javascript_action</KEYWORD2>
			<KEYWORD2>fdf_set_opt</KEYWORD2>
			<KEYWORD2>fdf_set_status</KEYWORD2>
			<KEYWORD2>fdf_set_submit_form_action</KEYWORD2>
			<KEYWORD2>fdf_set_value</KEYWORD2>
			<KEYWORD2>feof</KEYWORD2>
			<KEYWORD2>fetch_iovec</KEYWORD2>
			<KEYWORD2>fflush</KEYWORD2>
			<KEYWORD2>fgetc</KEYWORD2>
			<KEYWORD2>fgetcsv</KEYWORD2>
			<KEYWORD2>fgets</KEYWORD2>
			<KEYWORD2>fgetss</KEYWORD2>
			<KEYWORD2>file</KEYWORD2>
			<KEYWORD2>file_exists</KEYWORD2>
			<KEYWORD2>fileatime</KEYWORD2>
			<KEYWORD2>filectime</KEYWORD2>
			<KEYWORD2>filegroup</KEYWORD2>
			<KEYWORD2>fileinode</KEYWORD2>
			<KEYWORD2>filemtime</KEYWORD2>
			<KEYWORD2>fileowner</KEYWORD2>
			<KEYWORD2>fileperms</KEYWORD2>
			<KEYWORD2>filepro</KEYWORD2>
			<KEYWORD2>filepro_fieldcount</KEYWORD2>
			<KEYWORD2>filepro_fieldname</KEYWORD2>
			<KEYWORD2>filepro_fieldtype</KEYWORD2>
			<KEYWORD2>filepro_fieldwidth</KEYWORD2>
			<KEYWORD2>filepro_retrieve</KEYWORD2>
			<KEYWORD2>filepro_rowcount</KEYWORD2>
			<KEYWORD2>filesize</KEYWORD2>
			<KEYWORD2>filetype</KEYWORD2>
			<KEYWORD2>flock</KEYWORD2>
			<KEYWORD2>floor</KEYWORD2>
			<KEYWORD2>flush</KEYWORD2>
			<KEYWORD2>fopen</KEYWORD2>
			<KEYWORD2>fopenstream</KEYWORD2>
			<KEYWORD2>fopenstream</KEYWORD2>
			<KEYWORD2>fpassthru</KEYWORD2>
			<KEYWORD2>fputs</KEYWORD2>
			<KEYWORD2>fread</KEYWORD2>
			<KEYWORD2>free_iovec</KEYWORD2>
			<KEYWORD2>frenchtojd</KEYWORD2>
			<KEYWORD2>fribidi_log2vis</KEYWORD2>
			<KEYWORD2>fscanf</KEYWORD2>
			<KEYWORD2>fseek</KEYWORD2>
			<KEYWORD2>fsockopen</KEYWORD2>
			<KEYWORD2>fstat</KEYWORD2>
			<KEYWORD2>ftell</KEYWORD2>
			<KEYWORD2>ftp_cdup</KEYWORD2>
			<KEYWORD2>ftp_chdir</KEYWORD2>
			<KEYWORD2>ftp_connect</KEYWORD2>
			<KEYWORD2>ftp_delete</KEYWORD2>
			<KEYWORD2>ftp_exec</KEYWORD2>
			<KEYWORD2>ftp_fget</KEYWORD2>
			<KEYWORD2>ftp_fput</KEYWORD2>
			<KEYWORD2>ftp_get</KEYWORD2>
			<KEYWORD2>ftp_login</KEYWORD2>
			<KEYWORD2>ftp_mdtm</KEYWORD2>
			<KEYWORD2>ftp_mkdir</KEYWORD2>
			<KEYWORD2>ftp_nlist</KEYWORD2>
			<KEYWORD2>ftp_pasv</KEYWORD2>
			<KEYWORD2>ftp_put</KEYWORD2>
			<KEYWORD2>ftp_pwd</KEYWORD2>
			<KEYWORD2>ftp_quit</KEYWORD2>
			<KEYWORD2>ftp_rawlist</KEYWORD2>
			<KEYWORD2>ftp_rename</KEYWORD2>
			<KEYWORD2>ftp_rmdir</KEYWORD2>
			<KEYWORD2>ftp_site</KEYWORD2>
			<KEYWORD2>ftp_size</KEYWORD2>
			<KEYWORD2>ftp_systype</KEYWORD2>
			<KEYWORD2>ftruncate</KEYWORD2>
			<KEYWORD2>func_get_arg</KEYWORD2>
			<KEYWORD2>func_get_args</KEYWORD2>
			<KEYWORD2>func_num_args</KEYWORD2>
			<KEYWORD2>function_exists</KEYWORD2>
			<KEYWORD2>fwrite</KEYWORD2>
			<KEYWORD2>get_all_headers</KEYWORD2>
			<KEYWORD2>get_browser</KEYWORD2>
			<KEYWORD2>get_cfg_var</KEYWORD2>
			<KEYWORD2>get_class</KEYWORD2>
			<KEYWORD2>get_class_methods</KEYWORD2>
			<KEYWORD2>get_class_vars</KEYWORD2>
			<KEYWORD2>get_current_user</KEYWORD2>
			<KEYWORD2>get_declared_classes</KEYWORD2>
			<KEYWORD2>get_defined_functions</KEYWORD2>
			<KEYWORD2>get_defined_vars</KEYWORD2>
			<KEYWORD2>get_extension_funcs</KEYWORD2>
			<KEYWORD2>get_html_translation_table</KEYWORD2>
			<KEYWORD2>get_included_files</KEYWORD2>
			<KEYWORD2>get_loaded_extensions</KEYWORD2>
			<KEYWORD2>get_magic_quotes_gpc</KEYWORD2>
			<KEYWORD2>get_magic_quotes_runtime</KEYWORD2>
			<KEYWORD2>get_meta_tags</KEYWORD2>
			<KEYWORD2>get_object_vars</KEYWORD2>
			<KEYWORD2>get_parent_class</KEYWORD2>
			<KEYWORD2>get_required_files</KEYWORD2>
			<KEYWORD2>get_resource_type</KEYWORD2>
			<KEYWORD2>getallheaders</KEYWORD2>
			<KEYWORD2>getallheaders</KEYWORD2>
			<KEYWORD2>getascent</KEYWORD2>
			<KEYWORD2>getascent</KEYWORD2>
			<KEYWORD2>getcwd</KEYWORD2>
			<KEYWORD2>getdate</KEYWORD2>
			<KEYWORD2>getdescent</KEYWORD2>
			<KEYWORD2>getdescent</KEYWORD2>
			<KEYWORD2>getenv</KEYWORD2>
			<KEYWORD2>getheight</KEYWORD2>
			<KEYWORD2>gethostbyaddr</KEYWORD2>
			<KEYWORD2>gethostbyaddr</KEYWORD2>
			<KEYWORD2>gethostbyname</KEYWORD2>
			<KEYWORD2>gethostbyname</KEYWORD2>
			<KEYWORD2>gethostbynamel</KEYWORD2>
			<KEYWORD2>getimagesize</KEYWORD2>
			<KEYWORD2>getlastmod</KEYWORD2>
			<KEYWORD2>getleading</KEYWORD2>
			<KEYWORD2>getleading</KEYWORD2>
			<KEYWORD2>getmxrr</KEYWORD2>
			<KEYWORD2>getmxrr</KEYWORD2>
			<KEYWORD2>getmyinode</KEYWORD2>
			<KEYWORD2>getmypid</KEYWORD2>
			<KEYWORD2>getmyuid</KEYWORD2>
			<KEYWORD2>getpeername</KEYWORD2>
			<KEYWORD2>getprotobyname</KEYWORD2>
			<KEYWORD2>getprotobynumber</KEYWORD2>
			<KEYWORD2>getrandmax</KEYWORD2>
			<KEYWORD2>getrusage</KEYWORD2>
			<KEYWORD2>getrusage</KEYWORD2>
			<KEYWORD2>getservbyname</KEYWORD2>
			<KEYWORD2>getservbyport</KEYWORD2>
			<KEYWORD2>getshape1</KEYWORD2>
			<KEYWORD2>getshape2</KEYWORD2>
			<KEYWORD2>getsockname</KEYWORD2>
			<KEYWORD2>getsockopt</KEYWORD2>
			<KEYWORD2>gettext</KEYWORD2>
			<KEYWORD2>gettimeofday</KEYWORD2>
			<KEYWORD2>gettype</KEYWORD2>
			<KEYWORD2>getwidth</KEYWORD2>
			<KEYWORD2>getwidth</KEYWORD2>
			<KEYWORD2>getwidth</KEYWORD2>
			<KEYWORD2>gmdate</KEYWORD2>
			<KEYWORD2>gmmktime</KEYWORD2>
			<KEYWORD2>gmp_abs</KEYWORD2>
			<KEYWORD2>gmp_add</KEYWORD2>
			<KEYWORD2>gmp_and</KEYWORD2>
			<KEYWORD2>gmp_clrbit</KEYWORD2>
			<KEYWORD2>gmp_cmp</KEYWORD2>
			<KEYWORD2>gmp_com</KEYWORD2>
			<KEYWORD2>gmp_div</KEYWORD2>
			<KEYWORD2>gmp_div_q</KEYWORD2>
			<KEYWORD2>gmp_div_qr</KEYWORD2>
			<KEYWORD2>gmp_div_r</KEYWORD2>
			<KEYWORD2>gmp_divexact</KEYWORD2>
			<KEYWORD2>gmp_fact</KEYWORD2>
			<KEYWORD2>gmp_gcd</KEYWORD2>
			<KEYWORD2>gmp_gcdext</KEYWORD2>
			<KEYWORD2>gmp_hamdist</KEYWORD2>
			<KEYWORD2>gmp_init</KEYWORD2>
			<KEYWORD2>gmp_intval</KEYWORD2>
			<KEYWORD2>gmp_invert</KEYWORD2>
			<KEYWORD2>gmp_jacobi</KEYWORD2>
			<KEYWORD2>gmp_legendre</KEYWORD2>
			<KEYWORD2>gmp_mod</KEYWORD2>
			<KEYWORD2>gmp_mul</KEYWORD2>
			<KEYWORD2>gmp_neg</KEYWORD2>
			<KEYWORD2>gmp_or</KEYWORD2>
			<KEYWORD2>gmp_perfect_square</KEYWORD2>
			<KEYWORD2>gmp_popcount</KEYWORD2>
			<KEYWORD2>gmp_pow</KEYWORD2>
			<KEYWORD2>gmp_powm</KEYWORD2>
			<KEYWORD2>gmp_prob_prime</KEYWORD2>
			<KEYWORD2>gmp_random</KEYWORD2>
			<KEYWORD2>gmp_scan0</KEYWORD2>
			<KEYWORD2>gmp_scan1</KEYWORD2>
			<KEYWORD2>gmp_setbit</KEYWORD2>
			<KEYWORD2>gmp_sign</KEYWORD2>
			<KEYWORD2>gmp_sqrt</KEYWORD2>
			<KEYWORD2>gmp_sqrtrem</KEYWORD2>
			<KEYWORD2>gmp_strval</KEYWORD2>
			<KEYWORD2>gmp_sub</KEYWORD2>
			<KEYWORD2>gmp_xor</KEYWORD2>
			<KEYWORD2>gmstrftime</KEYWORD2>
			<KEYWORD2>gmstrftime</KEYWORD2>
			<KEYWORD2>gregoriantojd</KEYWORD2>
			<KEYWORD2>gzclose</KEYWORD2>
			<KEYWORD2>gzcompress</KEYWORD2>
			<KEYWORD2>gzdeflate</KEYWORD2>
			<KEYWORD2>gzencode</KEYWORD2>
			<KEYWORD2>gzeof</KEYWORD2>
			<KEYWORD2>gzfile</KEYWORD2>
			<KEYWORD2>gzgetc</KEYWORD2>
			<KEYWORD2>gzgets</KEYWORD2>
			<KEYWORD2>gzgetss</KEYWORD2>
			<KEYWORD2>gzinflate</KEYWORD2>
			<KEYWORD2>gzopen</KEYWORD2>
			<KEYWORD2>gzpassthru</KEYWORD2>
			<KEYWORD2>gzputs</KEYWORD2>
			<KEYWORD2>gzread</KEYWORD2>
			<KEYWORD2>gzrewind</KEYWORD2>
			<KEYWORD2>gzseek</KEYWORD2>
			<KEYWORD2>gztell</KEYWORD2>
			<KEYWORD2>gzuncompress</KEYWORD2>
			<KEYWORD2>gzwrite</KEYWORD2>
			<KEYWORD2>header</KEYWORD2>
			<KEYWORD2>headers_sent</KEYWORD2>
			<KEYWORD2>hebrev</KEYWORD2>
			<KEYWORD2>hebrevc</KEYWORD2>
			<KEYWORD2>hexdec</KEYWORD2>
			<KEYWORD2>highlight_file</KEYWORD2>
			<KEYWORD2>highlight_string</KEYWORD2>
			<KEYWORD2>htmlentities</KEYWORD2>
			<KEYWORD2>htmlspecialchars</KEYWORD2>
			<KEYWORD2>hw_array2objrec</KEYWORD2>
			<KEYWORD2>hw_changeobject</KEYWORD2>
			<KEYWORD2>hw_children</KEYWORD2>
			<KEYWORD2>hw_childrenobj</KEYWORD2>
			<KEYWORD2>hw_close</KEYWORD2>
			<KEYWORD2>hw_connect</KEYWORD2>
			<KEYWORD2>hw_connection_info</KEYWORD2>
			<KEYWORD2>hw_cp</KEYWORD2>
			<KEYWORD2>hw_deleteobject</KEYWORD2>
			<KEYWORD2>hw_docbyanchor</KEYWORD2>
			<KEYWORD2>hw_docbyanchorobj</KEYWORD2>
			<KEYWORD2>hw_document_attributes</KEYWORD2>
			<KEYWORD2>hw_document_bodytag</KEYWORD2>
			<KEYWORD2>hw_document_content</KEYWORD2>
			<KEYWORD2>hw_document_setcontent</KEYWORD2>
			<KEYWORD2>hw_document_size</KEYWORD2>
			<KEYWORD2>hw_dummy</KEYWORD2>
			<KEYWORD2>hw_edittext</KEYWORD2>
			<KEYWORD2>hw_error</KEYWORD2>
			<KEYWORD2>hw_errormsg</KEYWORD2>
			<KEYWORD2>hw_free_document</KEYWORD2>
			<KEYWORD2>hw_getanchors</KEYWORD2>
			<KEYWORD2>hw_getanchorsobj</KEYWORD2>
			<KEYWORD2>hw_getandlock</KEYWORD2>
			<KEYWORD2>hw_getcgi</KEYWORD2>
			<KEYWORD2>hw_getchildcoll</KEYWORD2>
			<KEYWORD2>hw_getchildcollobj</KEYWORD2>
			<KEYWORD2>hw_getchilddoccoll</KEYWORD2>
			<KEYWORD2>hw_getchilddoccollobj</KEYWORD2>
			<KEYWORD2>hw_getobject</KEYWORD2>
			<KEYWORD2>hw_getobjectbyftquery</KEYWORD2>
			<KEYWORD2>hw_getobjectbyftquerycoll</KEYWORD2>
			<KEYWORD2>hw_getobjectbyftquerycollobj</KEYWORD2>
			<KEYWORD2>hw_getobjectbyftqueryobj</KEYWORD2>
			<KEYWORD2>hw_getobjectbyquery</KEYWORD2>
			<KEYWORD2>hw_getobjectbyquerycoll</KEYWORD2>
			<KEYWORD2>hw_getobjectbyquerycollobj</KEYWORD2>
			<KEYWORD2>hw_getobjectbyqueryobj</KEYWORD2>
			<KEYWORD2>hw_getparents</KEYWORD2>
			<KEYWORD2>hw_getparentsobj</KEYWORD2>
			<KEYWORD2>hw_getrellink</KEYWORD2>
			<KEYWORD2>hw_getremote</KEYWORD2>
			<KEYWORD2>hw_getremotechildren</KEYWORD2>
			<KEYWORD2>hw_getsrcbydestobj</KEYWORD2>
			<KEYWORD2>hw_gettext</KEYWORD2>
			<KEYWORD2>hw_getusername</KEYWORD2>
			<KEYWORD2>hw_identify</KEYWORD2>
			<KEYWORD2>hw_incollections</KEYWORD2>
			<KEYWORD2>hw_info</KEYWORD2>
			<KEYWORD2>hw_inscoll</KEYWORD2>
			<KEYWORD2>hw_insdoc</KEYWORD2>
			<KEYWORD2>hw_insertanchors</KEYWORD2>
			<KEYWORD2>hw_insertdocument</KEYWORD2>
			<KEYWORD2>hw_insertobject</KEYWORD2>
			<KEYWORD2>hw_mapid</KEYWORD2>
			<KEYWORD2>hw_modifyobject</KEYWORD2>
			<KEYWORD2>hw_mv</KEYWORD2>
			<KEYWORD2>hw_new_document</KEYWORD2>
			<KEYWORD2>hw_new_document_from_file</KEYWORD2>
			<KEYWORD2>hw_objrec2array</KEYWORD2>
			<KEYWORD2>hw_output_document</KEYWORD2>
			<KEYWORD2>hw_pconnect</KEYWORD2>
			<KEYWORD2>hw_pipecgi</KEYWORD2>
			<KEYWORD2>hw_pipedocument</KEYWORD2>
			<KEYWORD2>hw_root</KEYWORD2>
			<KEYWORD2>hw_setlinkroot</KEYWORD2>
			<KEYWORD2>hw_stat</KEYWORD2>
			<KEYWORD2>hw_unlock</KEYWORD2>
			<KEYWORD2>hw_who</KEYWORD2>
			<KEYWORD2>ibase_blob_add</KEYWORD2>
			<KEYWORD2>ibase_blob_cancel</KEYWORD2>
			<KEYWORD2>ibase_blob_close</KEYWORD2>
			<KEYWORD2>ibase_blob_create</KEYWORD2>
			<KEYWORD2>ibase_blob_echo</KEYWORD2>
			<KEYWORD2>ibase_blob_get</KEYWORD2>
			<KEYWORD2>ibase_blob_import</KEYWORD2>
			<KEYWORD2>ibase_blob_info</KEYWORD2>
			<KEYWORD2>ibase_blob_open</KEYWORD2>
			<KEYWORD2>ibase_close</KEYWORD2>
			<KEYWORD2>ibase_commit</KEYWORD2>
			<KEYWORD2>ibase_connect</KEYWORD2>
			<KEYWORD2>ibase_errmsg</KEYWORD2>
			<KEYWORD2>ibase_execute</KEYWORD2>
			<KEYWORD2>ibase_fetch_object</KEYWORD2>
			<KEYWORD2>ibase_fetch_row</KEYWORD2>
			<KEYWORD2>ibase_field_info</KEYWORD2>
			<KEYWORD2>ibase_free_query</KEYWORD2>
			<KEYWORD2>ibase_free_result</KEYWORD2>
			<KEYWORD2>ibase_num_fields</KEYWORD2>
			<KEYWORD2>ibase_pconnect</KEYWORD2>
			<KEYWORD2>ibase_prepare</KEYWORD2>
			<KEYWORD2>ibase_query</KEYWORD2>
			<KEYWORD2>ibase_rollback</KEYWORD2>
			<KEYWORD2>ibase_timefmt</KEYWORD2>
			<KEYWORD2>ibase_trans</KEYWORD2>
			<KEYWORD2>icap_create_calendar</KEYWORD2>
			<KEYWORD2>icap_delete_calendar</KEYWORD2>
			<KEYWORD2>icap_delete_event</KEYWORD2>
			<KEYWORD2>icap_fetch_event</KEYWORD2>
			<KEYWORD2>icap_list_alarms</KEYWORD2>
			<KEYWORD2>icap_list_events</KEYWORD2>
			<KEYWORD2>icap_open</KEYWORD2>
			<KEYWORD2>icap_popen</KEYWORD2>
			<KEYWORD2>icap_rename_calendar</KEYWORD2>
			<KEYWORD2>icap_reopen</KEYWORD2>
			<KEYWORD2>icap_snooze</KEYWORD2>
			<KEYWORD2>icap_store_event</KEYWORD2>
			<KEYWORD2>iconv</KEYWORD2>
			<KEYWORD2>iconv_get_encoding</KEYWORD2>
			<KEYWORD2>iconv_set_encoding</KEYWORD2>
			<KEYWORD2>ifx_affected_rows</KEYWORD2>
			<KEYWORD2>ifx_blobinfile_mode</KEYWORD2>
			<KEYWORD2>ifx_byteasvarchar</KEYWORD2>
			<KEYWORD2>ifx_close</KEYWORD2>
			<KEYWORD2>ifx_connect</KEYWORD2>
			<KEYWORD2>ifx_copy_blob</KEYWORD2>
			<KEYWORD2>ifx_create_blob</KEYWORD2>
			<KEYWORD2>ifx_create_char</KEYWORD2>
			<KEYWORD2>ifx_do</KEYWORD2>
			<KEYWORD2>ifx_error</KEYWORD2>
			<KEYWORD2>ifx_errormsg</KEYWORD2>
			<KEYWORD2>ifx_fetch_row</KEYWORD2>
			<KEYWORD2>ifx_fieldproperties</KEYWORD2>
			<KEYWORD2>ifx_fieldtypes</KEYWORD2>
			<KEYWORD2>ifx_free_blob</KEYWORD2>
			<KEYWORD2>ifx_free_char</KEYWORD2>
			<KEYWORD2>ifx_free_result</KEYWORD2>
			<KEYWORD2>ifx_get_blob</KEYWORD2>
			<KEYWORD2>ifx_get_char</KEYWORD2>
			<KEYWORD2>ifx_getsqlca</KEYWORD2>
			<KEYWORD2>ifx_htmltbl_result</KEYWORD2>
			<KEYWORD2>ifx_nullformat</KEYWORD2>
			<KEYWORD2>ifx_num_fields</KEYWORD2>
			<KEYWORD2>ifx_num_rows</KEYWORD2>
			<KEYWORD2>ifx_pconnect</KEYWORD2>
			<KEYWORD2>ifx_prepare</KEYWORD2>
			<KEYWORD2>ifx_query</KEYWORD2>
			<KEYWORD2>ifx_textasvarchar</KEYWORD2>
			<KEYWORD2>ifx_update_blob</KEYWORD2>
			<KEYWORD2>ifx_update_char</KEYWORD2>
			<KEYWORD2>ifxus_close_slob</KEYWORD2>
			<KEYWORD2>ifxus_create_slob</KEYWORD2>
			<KEYWORD2>ifxus_free_slob</KEYWORD2>
			<KEYWORD2>ifxus_open_slob</KEYWORD2>
			<KEYWORD2>ifxus_read_slob</KEYWORD2>
			<KEYWORD2>ifxus_seek_slob</KEYWORD2>
			<KEYWORD2>ifxus_tell_slob</KEYWORD2>
			<KEYWORD2>ifxus_write_slob</KEYWORD2>
			<KEYWORD2>ignore_user_abort</KEYWORD2>
			<KEYWORD2>iis_addserver</KEYWORD2>
			<KEYWORD2>iis_getdirsecurity</KEYWORD2>
			<KEYWORD2>iis_getscriptmap</KEYWORD2>
			<KEYWORD2>iis_getserverbycomment</KEYWORD2>
			<KEYWORD2>iis_getserverbypath</KEYWORD2>
			<KEYWORD2>iis_getserverright</KEYWORD2>
			<KEYWORD2>iis_getservicestate</KEYWORD2>
			<KEYWORD2>iis_removeserver</KEYWORD2>
			<KEYWORD2>iis_setappsettings</KEYWORD2>
			<KEYWORD2>iis_setdirsecurity</KEYWORD2>
			<KEYWORD2>iis_setscriptmap</KEYWORD2>
			<KEYWORD2>iis_setserverright</KEYWORD2>
			<KEYWORD2>iis_startserver</KEYWORD2>
			<KEYWORD2>iis_startservice</KEYWORD2>
			<KEYWORD2>iis_stopserver</KEYWORD2>
			<KEYWORD2>iis_stopservice</KEYWORD2>
			<KEYWORD2>image2wbmp</KEYWORD2>
			<KEYWORD2>imagealphablending</KEYWORD2>
			<KEYWORD2>imagearc</KEYWORD2>
			<KEYWORD2>imagechar</KEYWORD2>
			<KEYWORD2>imagecharup</KEYWORD2>
			<KEYWORD2>imagecolorallocate</KEYWORD2>
			<KEYWORD2>imagecolorat</KEYWORD2>
			<KEYWORD2>imagecolorclosest</KEYWORD2>
			<KEYWORD2>imagecolorclosestalpha</KEYWORD2>
			<KEYWORD2>imagecolorclosesthwb</KEYWORD2>
			<KEYWORD2>imagecolordeallocate</KEYWORD2>
			<KEYWORD2>imagecolorexact</KEYWORD2>
			<KEYWORD2>imagecolorexactalpha</KEYWORD2>
			<KEYWORD2>imagecolorresolve</KEYWORD2>
			<KEYWORD2>imagecolorresolvealpha</KEYWORD2>
			<KEYWORD2>imagecolorset</KEYWORD2>
			<KEYWORD2>imagecolorsforindex</KEYWORD2>
			<KEYWORD2>imagecolorstotal</KEYWORD2>
			<KEYWORD2>imagecolortransparent</KEYWORD2>
			<KEYWORD2>imagecopy</KEYWORD2>
			<KEYWORD2>imagecopymerge</KEYWORD2>
			<KEYWORD2>imagecopymergegray</KEYWORD2>
			<KEYWORD2>imagecopyresampled</KEYWORD2>
			<KEYWORD2>imagecopyresized</KEYWORD2>
			<KEYWORD2>imagecreate</KEYWORD2>
			<KEYWORD2>imagecreatefromgif</KEYWORD2>
			<KEYWORD2>imagecreatefromjpeg</KEYWORD2>
			<KEYWORD2>imagecreatefrompng</KEYWORD2>
			<KEYWORD2>imagecreatefromstring</KEYWORD2>
			<KEYWORD2>imagecreatefromwbmp</KEYWORD2>
			<KEYWORD2>imagecreatefromxbm</KEYWORD2>
			<KEYWORD2>imagecreatefromxpm</KEYWORD2>
			<KEYWORD2>imagecreatetruecolor</KEYWORD2>
			<KEYWORD2>imagedashedline</KEYWORD2>
			<KEYWORD2>imagedestroy</KEYWORD2>
			<KEYWORD2>imageellipse</KEYWORD2>
			<KEYWORD2>imagefill</KEYWORD2>
			<KEYWORD2>imagefilledarc</KEYWORD2>
			<KEYWORD2>imagefilledellipse</KEYWORD2>
			<KEYWORD2>imagefilledpolygon</KEYWORD2>
			<KEYWORD2>imagefilledrectangle</KEYWORD2>
			<KEYWORD2>imagefilltoborder</KEYWORD2>
			<KEYWORD2>imagefontheight</KEYWORD2>
			<KEYWORD2>imagefontwidth</KEYWORD2>
			<KEYWORD2>imagegammacorrect</KEYWORD2>
			<KEYWORD2>imagegif</KEYWORD2>
			<KEYWORD2>imageinterlace</KEYWORD2>
			<KEYWORD2>imagejpeg</KEYWORD2>
			<KEYWORD2>imageline</KEYWORD2>
			<KEYWORD2>imageloadfont</KEYWORD2>
			<KEYWORD2>imagepalettecopy</KEYWORD2>
			<KEYWORD2>imagepng</KEYWORD2>
			<KEYWORD2>imagepolygon</KEYWORD2>
			<KEYWORD2>imagepsbbox</KEYWORD2>
			<KEYWORD2>imagepscopyfont</KEYWORD2>
			<KEYWORD2>imagepsencodefont</KEYWORD2>
			<KEYWORD2>imagepsextendfont</KEYWORD2>
			<KEYWORD2>imagepsfreefont</KEYWORD2>
			<KEYWORD2>imagepsloadfont</KEYWORD2>
			<KEYWORD2>imagepsslantfont</KEYWORD2>
			<KEYWORD2>imagepstext</KEYWORD2>
			<KEYWORD2>imagerectangle</KEYWORD2>
			<KEYWORD2>imagesetbrush</KEYWORD2>
			<KEYWORD2>imagesetpixel</KEYWORD2>
			<KEYWORD2>imagesetstyle</KEYWORD2>
			<KEYWORD2>imagesetthickness</KEYWORD2>
			<KEYWORD2>imagesettile</KEYWORD2>
			<KEYWORD2>imagestring</KEYWORD2>
			<KEYWORD2>imagestringup</KEYWORD2>
			<KEYWORD2>imagesx</KEYWORD2>
			<KEYWORD2>imagesy</KEYWORD2>
			<KEYWORD2>imagetruecolortopalette</KEYWORD2>
			<KEYWORD2>imagettfbbox</KEYWORD2>
			<KEYWORD2>imagettftext</KEYWORD2>
			<KEYWORD2>imagetypes</KEYWORD2>
			<KEYWORD2>imagewbmp</KEYWORD2>
			<KEYWORD2>imap_8bit</KEYWORD2>
			<KEYWORD2>imap_alerts</KEYWORD2>
			<KEYWORD2>imap_append</KEYWORD2>
			<KEYWORD2>imap_base64</KEYWORD2>
			<KEYWORD2>imap_binary</KEYWORD2>
			<KEYWORD2>imap_body</KEYWORD2>
			<KEYWORD2>imap_bodystruct</KEYWORD2>
			<KEYWORD2>imap_check</KEYWORD2>
			<KEYWORD2>imap_clearflag_full</KEYWORD2>
			<KEYWORD2>imap_close</KEYWORD2>
			<KEYWORD2>imap_create</KEYWORD2>
			<KEYWORD2>imap_createmailbox</KEYWORD2>
			<KEYWORD2>imap_delete</KEYWORD2>
			<KEYWORD2>imap_deletemailbox</KEYWORD2>
			<KEYWORD2>imap_errors</KEYWORD2>
			<KEYWORD2>imap_expunge</KEYWORD2>
			<KEYWORD2>imap_fetch_overview</KEYWORD2>
			<KEYWORD2>imap_fetchbody</KEYWORD2>
			<KEYWORD2>imap_fetchheader</KEYWORD2>
			<KEYWORD2>imap_fetchstructure</KEYWORD2>
			<KEYWORD2>imap_fetchtext</KEYWORD2>
			<KEYWORD2>imap_get_quota</KEYWORD2>
			<KEYWORD2>imap_getmailboxes</KEYWORD2>
			<KEYWORD2>imap_getsubscribed</KEYWORD2>
			<KEYWORD2>imap_header</KEYWORD2>
			<KEYWORD2>imap_headerinfo</KEYWORD2>
			<KEYWORD2>imap_headers</KEYWORD2>
			<KEYWORD2>imap_last_error</KEYWORD2>
			<KEYWORD2>imap_list</KEYWORD2>
			<KEYWORD2>imap_listmailbox</KEYWORD2>
			<KEYWORD2>imap_listsubscribed</KEYWORD2>
			<KEYWORD2>imap_lsub</KEYWORD2>
			<KEYWORD2>imap_mail</KEYWORD2>
			<KEYWORD2>imap_mail</KEYWORD2>
			<KEYWORD2>imap_mail_compose</KEYWORD2>
			<KEYWORD2>imap_mail_copy</KEYWORD2>
			<KEYWORD2>imap_mail_move</KEYWORD2>
			<KEYWORD2>imap_mailboxmsginfo</KEYWORD2>
			<KEYWORD2>imap_mime_header_decode</KEYWORD2>
			<KEYWORD2>imap_msgno</KEYWORD2>
			<KEYWORD2>imap_num_msg</KEYWORD2>
			<KEYWORD2>imap_num_recent</KEYWORD2>
			<KEYWORD2>imap_open</KEYWORD2>
			<KEYWORD2>imap_ping</KEYWORD2>
			<KEYWORD2>imap_popen</KEYWORD2>
			<KEYWORD2>imap_qprint</KEYWORD2>
			<KEYWORD2>imap_rename</KEYWORD2>
			<KEYWORD2>imap_renamemailbox</KEYWORD2>
			<KEYWORD2>imap_reopen</KEYWORD2>
			<KEYWORD2>imap_rfc822_parse_adrlist</KEYWORD2>
			<KEYWORD2>imap_rfc822_parse_headers</KEYWORD2>
			<KEYWORD2>imap_rfc822_write_address</KEYWORD2>
			<KEYWORD2>imap_scan</KEYWORD2>
			<KEYWORD2>imap_scanmailbox</KEYWORD2>
			<KEYWORD2>imap_search</KEYWORD2>
			<KEYWORD2>imap_set_quota</KEYWORD2>
			<KEYWORD2>imap_setflag_full</KEYWORD2>
			<KEYWORD2>imap_sort</KEYWORD2>
			<KEYWORD2>imap_status</KEYWORD2>
			<KEYWORD2>imap_subscribe</KEYWORD2>
			<KEYWORD2>imap_uid</KEYWORD2>
			<KEYWORD2>imap_undelete</KEYWORD2>
			<KEYWORD2>imap_unsubscribe</KEYWORD2>
			<KEYWORD2>imap_utf7_decode</KEYWORD2>
			<KEYWORD2>imap_utf7_encode</KEYWORD2>
			<KEYWORD2>imap_utf8</KEYWORD2>
			<KEYWORD2>implode</KEYWORD2>
			<KEYWORD2>in_array</KEYWORD2>
			<KEYWORD2>ingres_autocommit</KEYWORD2>
			<KEYWORD2>ingres_close</KEYWORD2>
			<KEYWORD2>ingres_commit</KEYWORD2>
			<KEYWORD2>ingres_connect</KEYWORD2>
			<KEYWORD2>ingres_fetch_array</KEYWORD2>
			<KEYWORD2>ingres_fetch_object</KEYWORD2>
			<KEYWORD2>ingres_fetch_row</KEYWORD2>
			<KEYWORD2>ingres_field_length</KEYWORD2>
			<KEYWORD2>ingres_field_name</KEYWORD2>
			<KEYWORD2>ingres_field_nullable</KEYWORD2>
			<KEYWORD2>ingres_field_precision</KEYWORD2>
			<KEYWORD2>ingres_field_scale</KEYWORD2>
			<KEYWORD2>ingres_field_type</KEYWORD2>
			<KEYWORD2>ingres_num_fields</KEYWORD2>
			<KEYWORD2>ingres_num_rows</KEYWORD2>
			<KEYWORD2>ingres_pconnect</KEYWORD2>
			<KEYWORD2>ingres_query</KEYWORD2>
			<KEYWORD2>ingres_rollback</KEYWORD2>
			<KEYWORD2>ini_alter</KEYWORD2>
			<KEYWORD2>ini_get</KEYWORD2>
			<KEYWORD2>ini_restore</KEYWORD2>
			<KEYWORD2>ini_set</KEYWORD2>
			<KEYWORD2>intval</KEYWORD2>
			<KEYWORD2>ip2long</KEYWORD2>
			<KEYWORD2>iptcembed</KEYWORD2>
			<KEYWORD2>iptcparse</KEYWORD2>
			<KEYWORD2>ircg_channel_mode</KEYWORD2>
			<KEYWORD2>ircg_disconnect</KEYWORD2>
			<KEYWORD2>ircg_html_encode</KEYWORD2>
			<KEYWORD2>ircg_ignore_add</KEYWORD2>
			<KEYWORD2>ircg_ignore_del</KEYWORD2>
			<KEYWORD2>ircg_is_conn_alive</KEYWORD2>
			<KEYWORD2>ircg_join</KEYWORD2>
			<KEYWORD2>ircg_kick</KEYWORD2>
			<KEYWORD2>ircg_lookup_format_messages</KEYWORD2>
			<KEYWORD2>ircg_msg</KEYWORD2>
			<KEYWORD2>ircg_nick</KEYWORD2>
			<KEYWORD2>ircg_nickname_escape</KEYWORD2>
			<KEYWORD2>ircg_nickname_unescape</KEYWORD2>
			<KEYWORD2>ircg_notice</KEYWORD2>
			<KEYWORD2>ircg_part</KEYWORD2>
			<KEYWORD2>ircg_pconnect</KEYWORD2>
			<KEYWORD2>ircg_register_format_messages</KEYWORD2>
			<KEYWORD2>ircg_set_current</KEYWORD2>
			<KEYWORD2>ircg_topic</KEYWORD2>
			<KEYWORD2>ircg_whois</KEYWORD2>
			<KEYWORD2>is_array</KEYWORD2>
			<KEYWORD2>is_bool</KEYWORD2>
			<KEYWORD2>is_dir</KEYWORD2>
			<KEYWORD2>is_double</KEYWORD2>
			<KEYWORD2>is_executable</KEYWORD2>
			<KEYWORD2>is_file</KEYWORD2>
			<KEYWORD2>is_float</KEYWORD2>
			<KEYWORD2>is_int</KEYWORD2>
			<KEYWORD2>is_integer</KEYWORD2>
			<KEYWORD2>is_link</KEYWORD2>
			<KEYWORD2>is_long</KEYWORD2>
			<KEYWORD2>is_null</KEYWORD2>
			<KEYWORD2>is_numeric</KEYWORD2>
			<KEYWORD2>is_object</KEYWORD2>
			<KEYWORD2>is_readable</KEYWORD2>
			<KEYWORD2>is_real</KEYWORD2>
			<KEYWORD2>is_resource</KEYWORD2>
			<KEYWORD2>is_scalar</KEYWORD2>
			<KEYWORD2>is_string</KEYWORD2>
			<KEYWORD2>is_subclass_of</KEYWORD2>
			<KEYWORD2>is_uploaded_file</KEYWORD2>
			<KEYWORD2>is_writable</KEYWORD2>
			<KEYWORD2>is_writeable</KEYWORD2>
			<KEYWORD2>java_last_exception_clear</KEYWORD2>
			<KEYWORD2>java_last_exception_get</KEYWORD2>
			<KEYWORD2>jddayofweek</KEYWORD2>
			<KEYWORD2>jdmonthname</KEYWORD2>
			<KEYWORD2>jdtofrench</KEYWORD2>
			<KEYWORD2>jdtogregorian</KEYWORD2>
			<KEYWORD2>jdtojewish</KEYWORD2>
			<KEYWORD2>jdtojulian</KEYWORD2>
			<KEYWORD2>jdtounix</KEYWORD2>
			<KEYWORD2>jewishtojd</KEYWORD2>
			<KEYWORD2>join</KEYWORD2>
			<KEYWORD2>jpeg2wbmp</KEYWORD2>
			<KEYWORD2>juliantojd</KEYWORD2>
			<KEYWORD2>key</KEYWORD2>
			<KEYWORD2>krsort</KEYWORD2>
			<KEYWORD2>ksort</KEYWORD2>
			<KEYWORD2>labelframe</KEYWORD2>
			<KEYWORD2>labelframe</KEYWORD2>
			<KEYWORD2>lcg_value</KEYWORD2>
			<KEYWORD2>ldap_8859_to_t61</KEYWORD2>
			<KEYWORD2>ldap_add</KEYWORD2>
			<KEYWORD2>ldap_bind</KEYWORD2>
			<KEYWORD2>ldap_close</KEYWORD2>
			<KEYWORD2>ldap_compare</KEYWORD2>
			<KEYWORD2>ldap_connect</KEYWORD2>
			<KEYWORD2>ldap_count_entries</KEYWORD2>
			<KEYWORD2>ldap_delete</KEYWORD2>
			<KEYWORD2>ldap_dn2ufn</KEYWORD2>
			<KEYWORD2>ldap_err2str</KEYWORD2>
			<KEYWORD2>ldap_errno</KEYWORD2>
			<KEYWORD2>ldap_error</KEYWORD2>
			<KEYWORD2>ldap_explode_dn</KEYWORD2>
			<KEYWORD2>ldap_first_attribute</KEYWORD2>
			<KEYWORD2>ldap_first_entry</KEYWORD2>
			<KEYWORD2>ldap_first_reference</KEYWORD2>
			<KEYWORD2>ldap_free_result</KEYWORD2>
			<KEYWORD2>ldap_get_attributes</KEYWORD2>
			<KEYWORD2>ldap_get_dn</KEYWORD2>
			<KEYWORD2>ldap_get_entries</KEYWORD2>
			<KEYWORD2>ldap_get_option</KEYWORD2>
			<KEYWORD2>ldap_get_values</KEYWORD2>
			<KEYWORD2>ldap_get_values_len</KEYWORD2>
			<KEYWORD2>ldap_list</KEYWORD2>
			<KEYWORD2>ldap_mod_add</KEYWORD2>
			<KEYWORD2>ldap_mod_del</KEYWORD2>
			<KEYWORD2>ldap_mod_replace</KEYWORD2>
			<KEYWORD2>ldap_modify</KEYWORD2>
			<KEYWORD2>ldap_next_attribute</KEYWORD2>
			<KEYWORD2>ldap_next_entry</KEYWORD2>
			<KEYWORD2>ldap_next_reference</KEYWORD2>
			<KEYWORD2>ldap_parse_reference</KEYWORD2>
			<KEYWORD2>ldap_parse_result</KEYWORD2>
			<KEYWORD2>ldap_read</KEYWORD2>
			<KEYWORD2>ldap_rename</KEYWORD2>
			<KEYWORD2>ldap_search</KEYWORD2>
			<KEYWORD2>ldap_set_option</KEYWORD2>
			<KEYWORD2>ldap_t61_to_8859</KEYWORD2>
			<KEYWORD2>ldap_unbind</KEYWORD2>
			<KEYWORD2>leak</KEYWORD2>
			<KEYWORD2>levenshtein</KEYWORD2>
			<KEYWORD2>link</KEYWORD2>
			<KEYWORD2>link</KEYWORD2>
			<KEYWORD2>linkinfo</KEYWORD2>
			<KEYWORD2>linkinfo</KEYWORD2>
			<KEYWORD2>listen</KEYWORD2>
			<KEYWORD2>localeconv</KEYWORD2>
			<KEYWORD2>localtime</KEYWORD2>
			<KEYWORD2>log</KEYWORD2>
			<KEYWORD2>log10</KEYWORD2>
			<KEYWORD2>long2ip</KEYWORD2>
			<KEYWORD2>lstat</KEYWORD2>
			<KEYWORD2>ltrim</KEYWORD2>
			<KEYWORD2>magic_quotes_runtime</KEYWORD2>
			<KEYWORD2>mail</KEYWORD2>
			<KEYWORD2>mail</KEYWORD2>
			<KEYWORD2>max</KEYWORD2>
			<KEYWORD2>mcal_append_event</KEYWORD2>
			<KEYWORD2>mcal_close</KEYWORD2>
			<KEYWORD2>mcal_create_calendar</KEYWORD2>
			<KEYWORD2>mcal_date_compare</KEYWORD2>
			<KEYWORD2>mcal_date_valid</KEYWORD2>
			<KEYWORD2>mcal_day_of_week</KEYWORD2>
			<KEYWORD2>mcal_day_of_year</KEYWORD2>
			<KEYWORD2>mcal_days_in_month</KEYWORD2>
			<KEYWORD2>mcal_delete_calendar</KEYWORD2>
			<KEYWORD2>mcal_delete_event</KEYWORD2>
			<KEYWORD2>mcal_event_add_attribute</KEYWORD2>
			<KEYWORD2>mcal_event_init</KEYWORD2>
			<KEYWORD2>mcal_event_set_alarm</KEYWORD2>
			<KEYWORD2>mcal_event_set_category</KEYWORD2>
			<KEYWORD2>mcal_event_set_class</KEYWORD2>
			<KEYWORD2>mcal_event_set_description</KEYWORD2>
			<KEYWORD2>mcal_event_set_end</KEYWORD2>
			<KEYWORD2>mcal_event_set_recur_daily</KEYWORD2>
			<KEYWORD2>mcal_event_set_recur_monthly_mday</KEYWORD2>
			<KEYWORD2>mcal_event_set_recur_monthly_wday</KEYWORD2>
			<KEYWORD2>mcal_event_set_recur_none</KEYWORD2>
			<KEYWORD2>mcal_event_set_recur_weekly</KEYWORD2>
			<KEYWORD2>mcal_event_set_recur_yearly</KEYWORD2>
			<KEYWORD2>mcal_event_set_start</KEYWORD2>
			<KEYWORD2>mcal_event_set_title</KEYWORD2>
			<KEYWORD2>mcal_fetch_current_stream_event</KEYWORD2>
			<KEYWORD2>mcal_fetch_event</KEYWORD2>
			<KEYWORD2>mcal_is_leap_year</KEYWORD2>
			<KEYWORD2>mcal_list_alarms</KEYWORD2>
			<KEYWORD2>mcal_list_events</KEYWORD2>
			<KEYWORD2>mcal_next_recurrence</KEYWORD2>
			<KEYWORD2>mcal_open</KEYWORD2>
			<KEYWORD2>mcal_popen</KEYWORD2>
			<KEYWORD2>mcal_rename_calendar</KEYWORD2>
			<KEYWORD2>mcal_reopen</KEYWORD2>
			<KEYWORD2>mcal_snooze</KEYWORD2>
			<KEYWORD2>mcal_store_event</KEYWORD2>
			<KEYWORD2>mcal_time_valid</KEYWORD2>
			<KEYWORD2>mcal_week_of_year</KEYWORD2>
			<KEYWORD2>mcrypt_cbc</KEYWORD2>
			<KEYWORD2>mcrypt_cfb</KEYWORD2>
			<KEYWORD2>mcrypt_create_iv</KEYWORD2>
			<KEYWORD2>mcrypt_decrypt</KEYWORD2>
			<KEYWORD2>mcrypt_ecb</KEYWORD2>
			<KEYWORD2>mcrypt_enc_get_algorithms_name</KEYWORD2>
			<KEYWORD2>mcrypt_enc_get_block_size</KEYWORD2>
			<KEYWORD2>mcrypt_enc_get_iv_size</KEYWORD2>
			<KEYWORD2>mcrypt_enc_get_key_size</KEYWORD2>
			<KEYWORD2>mcrypt_enc_get_modes_name</KEYWORD2>
			<KEYWORD2>mcrypt_enc_get_supported_key_sizes</KEYWORD2>
			<KEYWORD2>mcrypt_enc_is_block_algorithm</KEYWORD2>
			<KEYWORD2>mcrypt_enc_is_block_algorithm_mode</KEYWORD2>
			<KEYWORD2>mcrypt_enc_is_block_mode</KEYWORD2>
			<KEYWORD2>mcrypt_enc_self_test</KEYWORD2>
			<KEYWORD2>mcrypt_encrypt</KEYWORD2>
			<KEYWORD2>mcrypt_generic</KEYWORD2>
			<KEYWORD2>mcrypt_generic_end</KEYWORD2>
			<KEYWORD2>mcrypt_generic_init</KEYWORD2>
			<KEYWORD2>mcrypt_get_block_size</KEYWORD2>
			<KEYWORD2>mcrypt_get_cipher_name</KEYWORD2>
			<KEYWORD2>mcrypt_get_iv_size</KEYWORD2>
			<KEYWORD2>mcrypt_get_key_size</KEYWORD2>
			<KEYWORD2>mcrypt_list_algorithms</KEYWORD2>
			<KEYWORD2>mcrypt_list_modes</KEYWORD2>
			<KEYWORD2>mcrypt_module_close</KEYWORD2>
			<KEYWORD2>mcrypt_module_get_algo_block_size</KEYWORD2>
			<KEYWORD2>mcrypt_module_get_algo_key_size</KEYWORD2>
			<KEYWORD2>mcrypt_module_get_supported_key_sizes</KEYWORD2>
			<KEYWORD2>mcrypt_module_is_block_algorithm</KEYWORD2>
			<KEYWORD2>mcrypt_module_is_block_algorithm_mode</KEYWORD2>
			<KEYWORD2>mcrypt_module_is_block_mode</KEYWORD2>
			<KEYWORD2>mcrypt_module_open</KEYWORD2>
			<KEYWORD2>mcrypt_module_self_test</KEYWORD2>
			<KEYWORD2>mcrypt_ofb</KEYWORD2>
			<KEYWORD2>md5</KEYWORD2>
			<KEYWORD2>mdecrypt_generic</KEYWORD2>
			<KEYWORD2>metaphone</KEYWORD2>
			<KEYWORD2>method_exists</KEYWORD2>
			<KEYWORD2>mhash</KEYWORD2>
			<KEYWORD2>mhash_count</KEYWORD2>
			<KEYWORD2>mhash_get_block_size</KEYWORD2>
			<KEYWORD2>mhash_get_hash_name</KEYWORD2>
			<KEYWORD2>mhash_keygen_s2k</KEYWORD2>
			<KEYWORD2>microtime</KEYWORD2>
			<KEYWORD2>min</KEYWORD2>
			<KEYWORD2>ming_setcubicthreshold</KEYWORD2>
			<KEYWORD2>ming_setscale</KEYWORD2>
			<KEYWORD2>mkdir</KEYWORD2>
			<KEYWORD2>mktime</KEYWORD2>
			<KEYWORD2>move</KEYWORD2>
			<KEYWORD2>move_uploaded_file</KEYWORD2>
			<KEYWORD2>movepen</KEYWORD2>
			<KEYWORD2>movepento</KEYWORD2>
			<KEYWORD2>moveto</KEYWORD2>
			<KEYWORD2>moveto</KEYWORD2>
			<KEYWORD2>moveto</KEYWORD2>
			<KEYWORD2>msql</KEYWORD2>
			<KEYWORD2>msql_affected_rows</KEYWORD2>
			<KEYWORD2>msql_close</KEYWORD2>
			<KEYWORD2>msql_connect</KEYWORD2>
			<KEYWORD2>msql_create_db</KEYWORD2>
			<KEYWORD2>msql_createdb</KEYWORD2>
			<KEYWORD2>msql_data_seek</KEYWORD2>
			<KEYWORD2>msql_db_query</KEYWORD2>
			<KEYWORD2>msql_dbname</KEYWORD2>
			<KEYWORD2>msql_drop_db</KEYWORD2>
			<KEYWORD2>msql_dropdb</KEYWORD2>
			<KEYWORD2>msql_error</KEYWORD2>
			<KEYWORD2>msql_fetch_array</KEYWORD2>
			<KEYWORD2>msql_fetch_field</KEYWORD2>
			<KEYWORD2>msql_fetch_object</KEYWORD2>
			<KEYWORD2>msql_fetch_row</KEYWORD2>
			<KEYWORD2>msql_field_flags</KEYWORD2>
			<KEYWORD2>msql_field_len</KEYWORD2>
			<KEYWORD2>msql_field_name</KEYWORD2>
			<KEYWORD2>msql_field_seek</KEYWORD2>
			<KEYWORD2>msql_field_table</KEYWORD2>
			<KEYWORD2>msql_field_type</KEYWORD2>
			<KEYWORD2>msql_fieldflags</KEYWORD2>
			<KEYWORD2>msql_fieldlen</KEYWORD2>
			<KEYWORD2>msql_fieldname</KEYWORD2>
			<KEYWORD2>msql_fieldtable</KEYWORD2>
			<KEYWORD2>msql_fieldtype</KEYWORD2>
			<KEYWORD2>msql_free_result</KEYWORD2>
			<KEYWORD2>msql_freeresult</KEYWORD2>
			<KEYWORD2>msql_list_dbs</KEYWORD2>
			<KEYWORD2>msql_list_fields</KEYWORD2>
			<KEYWORD2>msql_list_tables</KEYWORD2>
			<KEYWORD2>msql_listdbs</KEYWORD2>
			<KEYWORD2>msql_listfields</KEYWORD2>
			<KEYWORD2>msql_listtables</KEYWORD2>
			<KEYWORD2>msql_num_fields</KEYWORD2>
			<KEYWORD2>msql_num_rows</KEYWORD2>
			<KEYWORD2>msql_numfields</KEYWORD2>
			<KEYWORD2>msql_numrows</KEYWORD2>
			<KEYWORD2>msql_pconnect</KEYWORD2>
			<KEYWORD2>msql_query</KEYWORD2>
			<KEYWORD2>msql_regcase</KEYWORD2>
			<KEYWORD2>msql_result</KEYWORD2>
			<KEYWORD2>msql_select_db</KEYWORD2>
			<KEYWORD2>msql_selectdb</KEYWORD2>
			<KEYWORD2>msql_tablename</KEYWORD2>
			<KEYWORD2>mssql_affected_rows</KEYWORD2>
			<KEYWORD2>mssql_affected_rows</KEYWORD2>
			<KEYWORD2>mssql_close</KEYWORD2>
			<KEYWORD2>mssql_close</KEYWORD2>
			<KEYWORD2>mssql_close</KEYWORD2>
			<KEYWORD2>mssql_connect</KEYWORD2>
			<KEYWORD2>mssql_connect</KEYWORD2>
			<KEYWORD2>mssql_connect</KEYWORD2>
			<KEYWORD2>mssql_data_seek</KEYWORD2>
			<KEYWORD2>mssql_data_seek</KEYWORD2>
			<KEYWORD2>mssql_data_seek</KEYWORD2>
			<KEYWORD2>mssql_fetch_array</KEYWORD2>
			<KEYWORD2>mssql_fetch_array</KEYWORD2>
			<KEYWORD2>mssql_fetch_array</KEYWORD2>
			<KEYWORD2>mssql_fetch_batch</KEYWORD2>
			<KEYWORD2>mssql_fetch_field</KEYWORD2>
			<KEYWORD2>mssql_fetch_field</KEYWORD2>
			<KEYWORD2>mssql_fetch_field</KEYWORD2>
			<KEYWORD2>mssql_fetch_object</KEYWORD2>
			<KEYWORD2>mssql_fetch_object</KEYWORD2>
			<KEYWORD2>mssql_fetch_object</KEYWORD2>
			<KEYWORD2>mssql_fetch_row</KEYWORD2>
			<KEYWORD2>mssql_fetch_row</KEYWORD2>
			<KEYWORD2>mssql_fetch_row</KEYWORD2>
			<KEYWORD2>mssql_field_length</KEYWORD2>
			<KEYWORD2>mssql_field_name</KEYWORD2>
			<KEYWORD2>mssql_field_seek</KEYWORD2>
			<KEYWORD2>mssql_field_seek</KEYWORD2>
			<KEYWORD2>mssql_field_seek</KEYWORD2>
			<KEYWORD2>mssql_field_type</KEYWORD2>
			<KEYWORD2>mssql_free_result</KEYWORD2>
			<KEYWORD2>mssql_free_result</KEYWORD2>
			<KEYWORD2>mssql_free_result</KEYWORD2>
			<KEYWORD2>mssql_get_last_message</KEYWORD2>
			<KEYWORD2>mssql_get_last_message</KEYWORD2>
			<KEYWORD2>mssql_get_last_message</KEYWORD2>
			<KEYWORD2>mssql_min_client_severity</KEYWORD2>
			<KEYWORD2>mssql_min_error_severity</KEYWORD2>
			<KEYWORD2>mssql_min_error_severity</KEYWORD2>
			<KEYWORD2>mssql_min_message_severity</KEYWORD2>
			<KEYWORD2>mssql_min_message_severity</KEYWORD2>
			<KEYWORD2>mssql_min_server_severity</KEYWORD2>
			<KEYWORD2>mssql_next_result</KEYWORD2>
			<KEYWORD2>mssql_num_fields</KEYWORD2>
			<KEYWORD2>mssql_num_fields</KEYWORD2>
			<KEYWORD2>mssql_num_fields</KEYWORD2>
			<KEYWORD2>mssql_num_rows</KEYWORD2>
			<KEYWORD2>mssql_num_rows</KEYWORD2>
			<KEYWORD2>mssql_num_rows</KEYWORD2>
			<KEYWORD2>mssql_pconnect</KEYWORD2>
			<KEYWORD2>mssql_pconnect</KEYWORD2>
			<KEYWORD2>mssql_pconnect</KEYWORD2>
			<KEYWORD2>mssql_query</KEYWORD2>
			<KEYWORD2>mssql_query</KEYWORD2>
			<KEYWORD2>mssql_query</KEYWORD2>
			<KEYWORD2>mssql_result</KEYWORD2>
			<KEYWORD2>mssql_result</KEYWORD2>
			<KEYWORD2>mssql_result</KEYWORD2>
			<KEYWORD2>mssql_rows_affected</KEYWORD2>
			<KEYWORD2>mssql_select_db</KEYWORD2>
			<KEYWORD2>mssql_select_db</KEYWORD2>
			<KEYWORD2>mssql_select_db</KEYWORD2>
			<KEYWORD2>mt_getrandmax</KEYWORD2>
			<KEYWORD2>mt_rand</KEYWORD2>
			<KEYWORD2>mt_srand</KEYWORD2>
			<KEYWORD2>multcolor</KEYWORD2>
			<KEYWORD2>muscat_close</KEYWORD2>
			<KEYWORD2>muscat_get</KEYWORD2>
			<KEYWORD2>muscat_give</KEYWORD2>
			<KEYWORD2>muscat_setup</KEYWORD2>
			<KEYWORD2>muscat_setup_net</KEYWORD2>
			<KEYWORD2>mysql</KEYWORD2>
			<KEYWORD2>mysql_affected_rows</KEYWORD2>
			<KEYWORD2>mysql_close</KEYWORD2>
			<KEYWORD2>mysql_connect</KEYWORD2>
			<KEYWORD2>mysql_create_db</KEYWORD2>
			<KEYWORD2>mysql_createdb</KEYWORD2>
			<KEYWORD2>mysql_data_seek</KEYWORD2>
			<KEYWORD2>mysql_db_name</KEYWORD2>
			<KEYWORD2>mysql_db_query</KEYWORD2>
			<KEYWORD2>mysql_dbname</KEYWORD2>
			<KEYWORD2>mysql_drop_db</KEYWORD2>
			<KEYWORD2>mysql_dropdb</KEYWORD2>
			<KEYWORD2>mysql_errno</KEYWORD2>
			<KEYWORD2>mysql_error</KEYWORD2>
			<KEYWORD2>mysql_escape_string</KEYWORD2>
			<KEYWORD2>mysql_fetch_array</KEYWORD2>
			<KEYWORD2>mysql_fetch_assoc</KEYWORD2>
			<KEYWORD2>mysql_fetch_field</KEYWORD2>
			<KEYWORD2>mysql_fetch_lengths</KEYWORD2>
			<KEYWORD2>mysql_fetch_object</KEYWORD2>
			<KEYWORD2>mysql_fetch_row</KEYWORD2>
			<KEYWORD2>mysql_field_flags</KEYWORD2>
			<KEYWORD2>mysql_field_len</KEYWORD2>
			<KEYWORD2>mysql_field_name</KEYWORD2>
			<KEYWORD2>mysql_field_seek</KEYWORD2>
			<KEYWORD2>mysql_field_table</KEYWORD2>
			<KEYWORD2>mysql_field_type</KEYWORD2>
			<KEYWORD2>mysql_fieldflags</KEYWORD2>
			<KEYWORD2>mysql_fieldlen</KEYWORD2>
			<KEYWORD2>mysql_fieldname</KEYWORD2>
			<KEYWORD2>mysql_fieldtable</KEYWORD2>
			<KEYWORD2>mysql_fieldtype</KEYWORD2>
			<KEYWORD2>mysql_free_result</KEYWORD2>
			<KEYWORD2>mysql_freeresult</KEYWORD2>
			<KEYWORD2>mysql_get_client_info</KEYWORD2>
			<KEYWORD2>mysql_get_host_info</KEYWORD2>
			<KEYWORD2>mysql_get_proto_info</KEYWORD2>
			<KEYWORD2>mysql_get_server_info</KEYWORD2>
			<KEYWORD2>mysql_insert_id</KEYWORD2>
			<KEYWORD2>mysql_list_dbs</KEYWORD2>
			<KEYWORD2>mysql_list_fields</KEYWORD2>
			<KEYWORD2>mysql_list_tables</KEYWORD2>
			<KEYWORD2>mysql_listdbs</KEYWORD2>
			<KEYWORD2>mysql_listfields</KEYWORD2>
			<KEYWORD2>mysql_listtables</KEYWORD2>
			<KEYWORD2>mysql_num_fields</KEYWORD2>
			<KEYWORD2>mysql_num_rows</KEYWORD2>
			<KEYWORD2>mysql_numfields</KEYWORD2>
			<KEYWORD2>mysql_numrows</KEYWORD2>
			<KEYWORD2>mysql_pconnect</KEYWORD2>
			<KEYWORD2>mysql_query</KEYWORD2>
			<KEYWORD2>mysql_result</KEYWORD2>
			<KEYWORD2>mysql_select_db</KEYWORD2>
			<KEYWORD2>mysql_selectdb</KEYWORD2>
			<KEYWORD2>mysql_tablename</KEYWORD2>
			<KEYWORD2>mysql_unbuffered_query</KEYWORD2>
			<KEYWORD2>natcasesort</KEYWORD2>
			<KEYWORD2>natsort</KEYWORD2>
			<KEYWORD2>new_xmldoc</KEYWORD2>
			<KEYWORD2>next</KEYWORD2>
			<KEYWORD2>nextframe</KEYWORD2>
			<KEYWORD2>nextframe</KEYWORD2>
			<KEYWORD2>nl2br</KEYWORD2>
			<KEYWORD2>notes_body</KEYWORD2>
			<KEYWORD2>notes_copy_db</KEYWORD2>
			<KEYWORD2>notes_create_db</KEYWORD2>
			<KEYWORD2>notes_create_note</KEYWORD2>
			<KEYWORD2>notes_drop_db</KEYWORD2>
			<KEYWORD2>notes_find_note</KEYWORD2>
			<KEYWORD2>notes_header_info</KEYWORD2>
			<KEYWORD2>notes_list_msgs</KEYWORD2>
			<KEYWORD2>notes_mark_read</KEYWORD2>
			<KEYWORD2>notes_mark_unread</KEYWORD2>
			<KEYWORD2>notes_nav_create</KEYWORD2>
			<KEYWORD2>notes_search</KEYWORD2>
			<KEYWORD2>notes_unread</KEYWORD2>
			<KEYWORD2>notes_version</KEYWORD2>
			<KEYWORD2>number_format</KEYWORD2>
			<KEYWORD2>ob_end_clean</KEYWORD2>
			<KEYWORD2>ob_end_flush</KEYWORD2>
			<KEYWORD2>ob_get_contents</KEYWORD2>
			<KEYWORD2>ob_get_length</KEYWORD2>
			<KEYWORD2>ob_gzhandler</KEYWORD2>
			<KEYWORD2>ob_iconv_handler</KEYWORD2>
			<KEYWORD2>ob_implicit_flush</KEYWORD2>
			<KEYWORD2>ob_start</KEYWORD2>
			<KEYWORD2>ocibindbyname</KEYWORD2>
			<KEYWORD2>ocicancel</KEYWORD2>
			<KEYWORD2>ocicollappend</KEYWORD2>
			<KEYWORD2>ocicollassign</KEYWORD2>
			<KEYWORD2>ocicollassignelem</KEYWORD2>
			<KEYWORD2>ocicolldateappendelem</KEYWORD2>
			<KEYWORD2>ocicolldateassignelem</KEYWORD2>
			<KEYWORD2>ocicolldategetelem</KEYWORD2>
			<KEYWORD2>ocicollgetelem</KEYWORD2>
			<KEYWORD2>ocicollmax</KEYWORD2>
			<KEYWORD2>ocicollsize</KEYWORD2>
			<KEYWORD2>ocicolltrim</KEYWORD2>
			<KEYWORD2>ocicolumnisnull</KEYWORD2>
			<KEYWORD2>ocicolumnname</KEYWORD2>
			<KEYWORD2>ocicolumnprecision</KEYWORD2>
			<KEYWORD2>ocicolumnscale</KEYWORD2>
			<KEYWORD2>ocicolumnsize</KEYWORD2>
			<KEYWORD2>ocicolumntype</KEYWORD2>
			<KEYWORD2>ocicolumntyperaw</KEYWORD2>
			<KEYWORD2>ocicommit</KEYWORD2>
			<KEYWORD2>ocidefinebyname</KEYWORD2>
			<KEYWORD2>ocierror</KEYWORD2>
			<KEYWORD2>ociexecute</KEYWORD2>
			<KEYWORD2>ocifetch</KEYWORD2>
			<KEYWORD2>ocifetchinto</KEYWORD2>
			<KEYWORD2>ocifetchstatement</KEYWORD2>
			<KEYWORD2>ocifreecoll</KEYWORD2>
			<KEYWORD2>ocifreecursor</KEYWORD2>
			<KEYWORD2>ocifreedesc</KEYWORD2>
			<KEYWORD2>ocifreestatement</KEYWORD2>
			<KEYWORD2>ociinternaldebug</KEYWORD2>
			<KEYWORD2>ociloadlob</KEYWORD2>
			<KEYWORD2>ocilogoff</KEYWORD2>
			<KEYWORD2>ocilogon</KEYWORD2>
			<KEYWORD2>ocinewcollection</KEYWORD2>
			<KEYWORD2>ocinewcursor</KEYWORD2>
			<KEYWORD2>ocinewdescriptor</KEYWORD2>
			<KEYWORD2>ocinlogon</KEYWORD2>
			<KEYWORD2>ocinumcols</KEYWORD2>
			<KEYWORD2>ociparse</KEYWORD2>
			<KEYWORD2>ociplogon</KEYWORD2>
			<KEYWORD2>ociresult</KEYWORD2>
			<KEYWORD2>ocirollback</KEYWORD2>
			<KEYWORD2>ocirowcount</KEYWORD2>
			<KEYWORD2>ocisavelob</KEYWORD2>
			<KEYWORD2>ocisavelobfile</KEYWORD2>
			<KEYWORD2>ociserverversion</KEYWORD2>
			<KEYWORD2>ocisetprefetch</KEYWORD2>
			<KEYWORD2>ocistatementtype</KEYWORD2>
			<KEYWORD2>ociwritelobtofile</KEYWORD2>
			<KEYWORD2>octdec</KEYWORD2>
			<KEYWORD2>odbc_autocommit</KEYWORD2>
			<KEYWORD2>odbc_binmode</KEYWORD2>
			<KEYWORD2>odbc_close</KEYWORD2>
			<KEYWORD2>odbc_close_all</KEYWORD2>
			<KEYWORD2>odbc_columnprivileges</KEYWORD2>
			<KEYWORD2>odbc_columns</KEYWORD2>
			<KEYWORD2>odbc_commit</KEYWORD2>
			<KEYWORD2>odbc_connect</KEYWORD2>
			<KEYWORD2>odbc_cursor</KEYWORD2>
			<KEYWORD2>odbc_do</KEYWORD2>
			<KEYWORD2>odbc_error</KEYWORD2>
			<KEYWORD2>odbc_errormsg</KEYWORD2>
			<KEYWORD2>odbc_exec</KEYWORD2>
			<KEYWORD2>odbc_execute</KEYWORD2>
			<KEYWORD2>odbc_fetch_array</KEYWORD2>
			<KEYWORD2>odbc_fetch_into</KEYWORD2>
			<KEYWORD2>odbc_fetch_object</KEYWORD2>
			<KEYWORD2>odbc_fetch_row</KEYWORD2>
			<KEYWORD2>odbc_field_len</KEYWORD2>
			<KEYWORD2>odbc_field_name</KEYWORD2>
			<KEYWORD2>odbc_field_num</KEYWORD2>
			<KEYWORD2>odbc_field_precision</KEYWORD2>
			<KEYWORD2>odbc_field_scale</KEYWORD2>
			<KEYWORD2>odbc_field_type</KEYWORD2>
			<KEYWORD2>odbc_foreignkeys</KEYWORD2>
			<KEYWORD2>odbc_free_result</KEYWORD2>
			<KEYWORD2>odbc_gettypeinfo</KEYWORD2>
			<KEYWORD2>odbc_longreadlen</KEYWORD2>
			<KEYWORD2>odbc_next_result</KEYWORD2>
			<KEYWORD2>odbc_num_fields</KEYWORD2>
			<KEYWORD2>odbc_num_rows</KEYWORD2>
			<KEYWORD2>odbc_pconnect</KEYWORD2>
			<KEYWORD2>odbc_prepare</KEYWORD2>
			<KEYWORD2>odbc_primarykeys</KEYWORD2>
			<KEYWORD2>odbc_procedurecolumns</KEYWORD2>
			<KEYWORD2>odbc_procedures</KEYWORD2>
			<KEYWORD2>odbc_result</KEYWORD2>
			<KEYWORD2>odbc_result_all</KEYWORD2>
			<KEYWORD2>odbc_rollback</KEYWORD2>
			<KEYWORD2>odbc_setoption</KEYWORD2>
			<KEYWORD2>odbc_specialcolumns</KEYWORD2>
			<KEYWORD2>odbc_statistics</KEYWORD2>
			<KEYWORD2>odbc_tableprivileges</KEYWORD2>
			<KEYWORD2>odbc_tables</KEYWORD2>
			<KEYWORD2>open_listen_sock</KEYWORD2>
			<KEYWORD2>opendir</KEYWORD2>
			<KEYWORD2>openlog</KEYWORD2>
			<KEYWORD2>openssl_error_string</KEYWORD2>
			<KEYWORD2>openssl_free_key</KEYWORD2>
			<KEYWORD2>openssl_get_privatekey</KEYWORD2>
			<KEYWORD2>openssl_get_publickey</KEYWORD2>
			<KEYWORD2>openssl_open</KEYWORD2>
			<KEYWORD2>openssl_pkcs7_decrypt</KEYWORD2>
			<KEYWORD2>openssl_pkcs7_encrypt</KEYWORD2>
			<KEYWORD2>openssl_pkcs7_sign</KEYWORD2>
			<KEYWORD2>openssl_pkcs7_verify</KEYWORD2>
			<KEYWORD2>openssl_seal</KEYWORD2>
			<KEYWORD2>openssl_sign</KEYWORD2>
			<KEYWORD2>openssl_verify</KEYWORD2>
			<KEYWORD2>openssl_x509_checkpurpose</KEYWORD2>
			<KEYWORD2>openssl_x509_free</KEYWORD2>
			<KEYWORD2>openssl_x509_parse</KEYWORD2>
			<KEYWORD2>openssl_x509_read</KEYWORD2>
			<KEYWORD2>ora_bind</KEYWORD2>
			<KEYWORD2>ora_close</KEYWORD2>
			<KEYWORD2>ora_columnname</KEYWORD2>
			<KEYWORD2>ora_columnsize</KEYWORD2>
			<KEYWORD2>ora_columntype</KEYWORD2>
			<KEYWORD2>ora_commit</KEYWORD2>
			<KEYWORD2>ora_commitoff</KEYWORD2>
			<KEYWORD2>ora_commiton</KEYWORD2>
			<KEYWORD2>ora_do</KEYWORD2>
			<KEYWORD2>ora_error</KEYWORD2>
			<KEYWORD2>ora_errorcode</KEYWORD2>
			<KEYWORD2>ora_exec</KEYWORD2>
			<KEYWORD2>ora_fetch</KEYWORD2>
			<KEYWORD2>ora_fetch_into</KEYWORD2>
			<KEYWORD2>ora_getcolumn</KEYWORD2>
			<KEYWORD2>ora_logoff</KEYWORD2>
			<KEYWORD2>ora_logon</KEYWORD2>
			<KEYWORD2>ora_numcols</KEYWORD2>
			<KEYWORD2>ora_numrows</KEYWORD2>
			<KEYWORD2>ora_open</KEYWORD2>
			<KEYWORD2>ora_parse</KEYWORD2>
			<KEYWORD2>ora_plogon</KEYWORD2>
			<KEYWORD2>ora_rollback</KEYWORD2>
			<KEYWORD2>orbit_caught_exception</KEYWORD2>
			<KEYWORD2>orbit_exception_id</KEYWORD2>
			<KEYWORD2>orbit_exception_value</KEYWORD2>
			<KEYWORD2>orbit_get_repository_id</KEYWORD2>
			<KEYWORD2>orbit_load_idl</KEYWORD2>
			<KEYWORD2>ord</KEYWORD2>
			<KEYWORD2>output</KEYWORD2>
			<KEYWORD2>ovrimos_close</KEYWORD2>
			<KEYWORD2>ovrimos_close_all</KEYWORD2>
			<KEYWORD2>ovrimos_commit</KEYWORD2>
			<KEYWORD2>ovrimos_connect</KEYWORD2>
			<KEYWORD2>ovrimos_cursor</KEYWORD2>
			<KEYWORD2>ovrimos_exec</KEYWORD2>
			<KEYWORD2>ovrimos_execute</KEYWORD2>
			<KEYWORD2>ovrimos_fetch_into</KEYWORD2>
			<KEYWORD2>ovrimos_fetch_row</KEYWORD2>
			<KEYWORD2>ovrimos_field_len</KEYWORD2>
			<KEYWORD2>ovrimos_field_name</KEYWORD2>
			<KEYWORD2>ovrimos_field_num</KEYWORD2>
			<KEYWORD2>ovrimos_field_type</KEYWORD2>
			<KEYWORD2>ovrimos_free_result</KEYWORD2>
			<KEYWORD2>ovrimos_longreadlen</KEYWORD2>
			<KEYWORD2>ovrimos_num_fields</KEYWORD2>
			<KEYWORD2>ovrimos_num_rows</KEYWORD2>
			<KEYWORD2>ovrimos_prepare</KEYWORD2>
			<KEYWORD2>ovrimos_result</KEYWORD2>
			<KEYWORD2>ovrimos_result_all</KEYWORD2>
			<KEYWORD2>ovrimos_rollback</KEYWORD2>
			<KEYWORD2>pack</KEYWORD2>
			<KEYWORD2>parse_ini_file</KEYWORD2>
			<KEYWORD2>parse_str</KEYWORD2>
			<KEYWORD2>parse_url</KEYWORD2>
			<KEYWORD2>passthru</KEYWORD2>
			<KEYWORD2>pathinfo</KEYWORD2>
			<KEYWORD2>pclose</KEYWORD2>
			<KEYWORD2>pdf_add_annotation</KEYWORD2>
			<KEYWORD2>pdf_add_bookmark</KEYWORD2>
			<KEYWORD2>pdf_add_launchlink</KEYWORD2>
			<KEYWORD2>pdf_add_locallink</KEYWORD2>
			<KEYWORD2>pdf_add_note</KEYWORD2>
			<KEYWORD2>pdf_add_outline</KEYWORD2>
			<KEYWORD2>pdf_add_pdflink</KEYWORD2>
			<KEYWORD2>pdf_add_thumbnail</KEYWORD2>
			<KEYWORD2>pdf_add_weblink</KEYWORD2>
			<KEYWORD2>pdf_arc</KEYWORD2>
			<KEYWORD2>pdf_arcn</KEYWORD2>
			<KEYWORD2>pdf_attach_file</KEYWORD2>
			<KEYWORD2>pdf_begin_page</KEYWORD2>
			<KEYWORD2>pdf_begin_pattern</KEYWORD2>
			<KEYWORD2>pdf_begin_template</KEYWORD2>
			<KEYWORD2>pdf_circle</KEYWORD2>
			<KEYWORD2>pdf_clip</KEYWORD2>
			<KEYWORD2>pdf_close</KEYWORD2>
			<KEYWORD2>pdf_close_image</KEYWORD2>
			<KEYWORD2>pdf_close_pdi</KEYWORD2>
			<KEYWORD2>pdf_close_pdi_page</KEYWORD2>
			<KEYWORD2>pdf_closepath</KEYWORD2>
			<KEYWORD2>pdf_closepath_fill_stroke</KEYWORD2>
			<KEYWORD2>pdf_closepath_stroke</KEYWORD2>
			<KEYWORD2>pdf_concat</KEYWORD2>
			<KEYWORD2>pdf_continue_text</KEYWORD2>
			<KEYWORD2>pdf_curveto</KEYWORD2>
			<KEYWORD2>pdf_delete</KEYWORD2>
			<KEYWORD2>pdf_end_page</KEYWORD2>
			<KEYWORD2>pdf_end_pattern</KEYWORD2>
			<KEYWORD2>pdf_end_template</KEYWORD2>
			<KEYWORD2>pdf_endpath</KEYWORD2>
			<KEYWORD2>pdf_fill</KEYWORD2>
			<KEYWORD2>pdf_fill_stroke</KEYWORD2>
			<KEYWORD2>pdf_findfont</KEYWORD2>
			<KEYWORD2>pdf_get_buffer</KEYWORD2>
			<KEYWORD2>pdf_get_font</KEYWORD2>
			<KEYWORD2>pdf_get_fontname</KEYWORD2>
			<KEYWORD2>pdf_get_fontsize</KEYWORD2>
			<KEYWORD2>pdf_get_image_height</KEYWORD2>
			<KEYWORD2>pdf_get_image_width</KEYWORD2>
			<KEYWORD2>pdf_get_parameter</KEYWORD2>
			<KEYWORD2>pdf_get_pdi_parameter</KEYWORD2>
			<KEYWORD2>pdf_get_pdi_value</KEYWORD2>
			<KEYWORD2>pdf_get_value</KEYWORD2>
			<KEYWORD2>pdf_initgraphics</KEYWORD2>
			<KEYWORD2>pdf_lineto</KEYWORD2>
			<KEYWORD2>pdf_makespotcolor</KEYWORD2>
			<KEYWORD2>pdf_moveto</KEYWORD2>
			<KEYWORD2>pdf_new</KEYWORD2>
			<KEYWORD2>pdf_open</KEYWORD2>
			<KEYWORD2>pdf_open_ccitt</KEYWORD2>
			<KEYWORD2>pdf_open_file</KEYWORD2>
			<KEYWORD2>pdf_open_gif</KEYWORD2>
			<KEYWORD2>pdf_open_image</KEYWORD2>
			<KEYWORD2>pdf_open_image_file</KEYWORD2>
			<KEYWORD2>pdf_open_jpeg</KEYWORD2>
			<KEYWORD2>pdf_open_memory_image</KEYWORD2>
			<KEYWORD2>pdf_open_pdi</KEYWORD2>
			<KEYWORD2>pdf_open_pdi_page</KEYWORD2>
			<KEYWORD2>pdf_open_png</KEYWORD2>
			<KEYWORD2>pdf_open_tiff</KEYWORD2>
			<KEYWORD2>pdf_place_image</KEYWORD2>
			<KEYWORD2>pdf_place_pdi_page</KEYWORD2>
			<KEYWORD2>pdf_rect</KEYWORD2>
			<KEYWORD2>pdf_restore</KEYWORD2>
			<KEYWORD2>pdf_rotate</KEYWORD2>
			<KEYWORD2>pdf_save</KEYWORD2>
			<KEYWORD2>pdf_scale</KEYWORD2>
			<KEYWORD2>pdf_set_border_color</KEYWORD2>
			<KEYWORD2>pdf_set_border_dash</KEYWORD2>
			<KEYWORD2>pdf_set_border_style</KEYWORD2>
			<KEYWORD2>pdf_set_char_spacing</KEYWORD2>
			<KEYWORD2>pdf_set_duration</KEYWORD2>
			<KEYWORD2>pdf_set_font</KEYWORD2>
			<KEYWORD2>pdf_set_horiz_scaling</KEYWORD2>
			<KEYWORD2>pdf_set_info</KEYWORD2>
			<KEYWORD2>pdf_set_info_author</KEYWORD2>
			<KEYWORD2>pdf_set_info_creator</KEYWORD2>
			<KEYWORD2>pdf_set_info_keywords</KEYWORD2>
			<KEYWORD2>pdf_set_info_subject</KEYWORD2>
			<KEYWORD2>pdf_set_info_title</KEYWORD2>
			<KEYWORD2>pdf_set_leading</KEYWORD2>
			<KEYWORD2>pdf_set_parameter</KEYWORD2>
			<KEYWORD2>pdf_set_text_pos</KEYWORD2>
			<KEYWORD2>pdf_set_text_rendering</KEYWORD2>
			<KEYWORD2>pdf_set_text_rise</KEYWORD2>
			<KEYWORD2>pdf_set_transition</KEYWORD2>
			<KEYWORD2>pdf_set_value</KEYWORD2>
			<KEYWORD2>pdf_set_word_spacing</KEYWORD2>
			<KEYWORD2>pdf_setcolor</KEYWORD2>
			<KEYWORD2>pdf_setdash</KEYWORD2>
			<KEYWORD2>pdf_setflat</KEYWORD2>
			<KEYWORD2>pdf_setfont</KEYWORD2>
			<KEYWORD2>pdf_setgray</KEYWORD2>
			<KEYWORD2>pdf_setgray_fill</KEYWORD2>
			<KEYWORD2>pdf_setgray_stroke</KEYWORD2>
			<KEYWORD2>pdf_setlinecap</KEYWORD2>
			<KEYWORD2>pdf_setlinejoin</KEYWORD2>
			<KEYWORD2>pdf_setlinewidth</KEYWORD2>
			<KEYWORD2>pdf_setmatrix</KEYWORD2>
			<KEYWORD2>pdf_setmiterlimit</KEYWORD2>
			<KEYWORD2>pdf_setpolydash</KEYWORD2>
			<KEYWORD2>pdf_setrgbcolor</KEYWORD2>
			<KEYWORD2>pdf_setrgbcolor_fill</KEYWORD2>
			<KEYWORD2>pdf_setrgbcolor_stroke</KEYWORD2>
			<KEYWORD2>pdf_show</KEYWORD2>
			<KEYWORD2>pdf_show_boxed</KEYWORD2>
			<KEYWORD2>pdf_show_xy</KEYWORD2>
			<KEYWORD2>pdf_skew</KEYWORD2>
			<KEYWORD2>pdf_stringwidth</KEYWORD2>
			<KEYWORD2>pdf_stroke</KEYWORD2>
			<KEYWORD2>pdf_translate</KEYWORD2>
			<KEYWORD2>pfpro_cleanup</KEYWORD2>
			<KEYWORD2>pfpro_init</KEYWORD2>
			<KEYWORD2>pfpro_process</KEYWORD2>
			<KEYWORD2>pfpro_process_raw</KEYWORD2>
			<KEYWORD2>pfpro_version</KEYWORD2>
			<KEYWORD2>pfsockopen</KEYWORD2>
			<KEYWORD2>pg_client_encoding</KEYWORD2>
			<KEYWORD2>pg_clientencoding</KEYWORD2>
			<KEYWORD2>pg_close</KEYWORD2>
			<KEYWORD2>pg_cmdtuples</KEYWORD2>
			<KEYWORD2>pg_connect</KEYWORD2>
			<KEYWORD2>pg_dbname</KEYWORD2>
			<KEYWORD2>pg_end_copy</KEYWORD2>
			<KEYWORD2>pg_errormessage</KEYWORD2>
			<KEYWORD2>pg_exec</KEYWORD2>
			<KEYWORD2>pg_fetch_array</KEYWORD2>
			<KEYWORD2>pg_fetch_object</KEYWORD2>
			<KEYWORD2>pg_fetch_row</KEYWORD2>
			<KEYWORD2>pg_fieldisnull</KEYWORD2>
			<KEYWORD2>pg_fieldname</KEYWORD2>
			<KEYWORD2>pg_fieldnum</KEYWORD2>
			<KEYWORD2>pg_fieldprtlen</KEYWORD2>
			<KEYWORD2>pg_fieldsize</KEYWORD2>
			<KEYWORD2>pg_fieldtype</KEYWORD2>
			<KEYWORD2>pg_freeresult</KEYWORD2>
			<KEYWORD2>pg_getlastoid</KEYWORD2>
			<KEYWORD2>pg_host</KEYWORD2>
			<KEYWORD2>pg_loclose</KEYWORD2>
			<KEYWORD2>pg_locreate</KEYWORD2>
			<KEYWORD2>pg_loexport</KEYWORD2>
			<KEYWORD2>pg_loimport</KEYWORD2>
			<KEYWORD2>pg_loopen</KEYWORD2>
			<KEYWORD2>pg_loread</KEYWORD2>
			<KEYWORD2>pg_loreadall</KEYWORD2>
			<KEYWORD2>pg_lounlink</KEYWORD2>
			<KEYWORD2>pg_lowrite</KEYWORD2>
			<KEYWORD2>pg_numfields</KEYWORD2>
			<KEYWORD2>pg_numrows</KEYWORD2>
			<KEYWORD2>pg_options</KEYWORD2>
			<KEYWORD2>pg_pconnect</KEYWORD2>
			<KEYWORD2>pg_port</KEYWORD2>
			<KEYWORD2>pg_put_line</KEYWORD2>
			<KEYWORD2>pg_result</KEYWORD2>
			<KEYWORD2>pg_set_client_encoding</KEYWORD2>
			<KEYWORD2>pg_setclientencoding</KEYWORD2>
			<KEYWORD2>pg_trace</KEYWORD2>
			<KEYWORD2>pg_tty</KEYWORD2>
			<KEYWORD2>pg_untrace</KEYWORD2>
			<KEYWORD2>php_logo_guid</KEYWORD2>
			<KEYWORD2>php_sapi_name</KEYWORD2>
			<KEYWORD2>php_uname</KEYWORD2>
			<KEYWORD2>phpcredits</KEYWORD2>
			<KEYWORD2>phpinfo</KEYWORD2>
			<KEYWORD2>phpversion</KEYWORD2>
			<KEYWORD2>pi</KEYWORD2>
			<KEYWORD2>png2wbmp</KEYWORD2>
			<KEYWORD2>popen</KEYWORD2>
			<KEYWORD2>pos</KEYWORD2>
			<KEYWORD2>posix_ctermid</KEYWORD2>
			<KEYWORD2>posix_getcwd</KEYWORD2>
			<KEYWORD2>posix_getegid</KEYWORD2>
			<KEYWORD2>posix_geteuid</KEYWORD2>
			<KEYWORD2>posix_getgid</KEYWORD2>
			<KEYWORD2>posix_getgrgid</KEYWORD2>
			<KEYWORD2>posix_getgrnam</KEYWORD2>
			<KEYWORD2>posix_getgroups</KEYWORD2>
			<KEYWORD2>posix_getlogin</KEYWORD2>
			<KEYWORD2>posix_getpgid</KEYWORD2>
			<KEYWORD2>posix_getpgrp</KEYWORD2>
			<KEYWORD2>posix_getpid</KEYWORD2>
			<KEYWORD2>posix_getppid</KEYWORD2>
			<KEYWORD2>posix_getpwnam</KEYWORD2>
			<KEYWORD2>posix_getpwuid</KEYWORD2>
			<KEYWORD2>posix_getrlimit</KEYWORD2>
			<KEYWORD2>posix_getsid</KEYWORD2>
			<KEYWORD2>posix_getuid</KEYWORD2>
			<KEYWORD2>posix_isatty</KEYWORD2>
			<KEYWORD2>posix_kill</KEYWORD2>
			<KEYWORD2>posix_mkfifo</KEYWORD2>
			<KEYWORD2>posix_setegid</KEYWORD2>
			<KEYWORD2>posix_seteuid</KEYWORD2>
			<KEYWORD2>posix_setgid</KEYWORD2>
			<KEYWORD2>posix_setpgid</KEYWORD2>
			<KEYWORD2>posix_setsid</KEYWORD2>
			<KEYWORD2>posix_setuid</KEYWORD2>
			<KEYWORD2>posix_times</KEYWORD2>
			<KEYWORD2>posix_ttyname</KEYWORD2>
			<KEYWORD2>posix_uname</KEYWORD2>
			<KEYWORD2>pow</KEYWORD2>
			<KEYWORD2>preg_grep</KEYWORD2>
			<KEYWORD2>preg_match</KEYWORD2>
			<KEYWORD2>preg_match_all</KEYWORD2>
			<KEYWORD2>preg_quote</KEYWORD2>
			<KEYWORD2>preg_replace</KEYWORD2>
			<KEYWORD2>preg_replace_callback</KEYWORD2>
			<KEYWORD2>preg_split</KEYWORD2>
			<KEYWORD2>prev</KEYWORD2>
			<KEYWORD2>print_r</KEYWORD2>
			<KEYWORD2>printer_abort</KEYWORD2>
			<KEYWORD2>printer_close</KEYWORD2>
			<KEYWORD2>printer_create_brush</KEYWORD2>
			<KEYWORD2>printer_create_dc</KEYWORD2>
			<KEYWORD2>printer_create_font</KEYWORD2>
			<KEYWORD2>printer_create_pen</KEYWORD2>
			<KEYWORD2>printer_delete_brush</KEYWORD2>
			<KEYWORD2>printer_delete_dc</KEYWORD2>
			<KEYWORD2>printer_delete_font</KEYWORD2>
			<KEYWORD2>printer_delete_pen</KEYWORD2>
			<KEYWORD2>printer_draw_bmp</KEYWORD2>
			<KEYWORD2>printer_draw_chord</KEYWORD2>
			<KEYWORD2>printer_draw_elipse</KEYWORD2>
			<KEYWORD2>printer_draw_line</KEYWORD2>
			<KEYWORD2>printer_draw_pie</KEYWORD2>
			<KEYWORD2>printer_draw_rectangle</KEYWORD2>
			<KEYWORD2>printer_draw_roundrect</KEYWORD2>
			<KEYWORD2>printer_draw_text</KEYWORD2>
			<KEYWORD2>printer_end_doc</KEYWORD2>
			<KEYWORD2>printer_end_page</KEYWORD2>
			<KEYWORD2>printer_get_option</KEYWORD2>
			<KEYWORD2>printer_list</KEYWORD2>
			<KEYWORD2>printer_logical_fontheight</KEYWORD2>
			<KEYWORD2>printer_open</KEYWORD2>
			<KEYWORD2>printer_select_brush</KEYWORD2>
			<KEYWORD2>printer_select_font</KEYWORD2>
			<KEYWORD2>printer_select_pen</KEYWORD2>
			<KEYWORD2>printer_set_option</KEYWORD2>
			<KEYWORD2>printer_start_doc</KEYWORD2>
			<KEYWORD2>printer_start_page</KEYWORD2>
			<KEYWORD2>printer_write</KEYWORD2>
			<KEYWORD2>printf</KEYWORD2>
			<KEYWORD2>pspell_add_to_personal</KEYWORD2>
			<KEYWORD2>pspell_add_to_session</KEYWORD2>
			<KEYWORD2>pspell_check</KEYWORD2>
			<KEYWORD2>pspell_clear_session</KEYWORD2>
			<KEYWORD2>pspell_config_create</KEYWORD2>
			<KEYWORD2>pspell_config_ignore</KEYWORD2>
			<KEYWORD2>pspell_config_mode</KEYWORD2>
			<KEYWORD2>pspell_config_personal</KEYWORD2>
			<KEYWORD2>pspell_config_repl</KEYWORD2>
			<KEYWORD2>pspell_config_runtogether</KEYWORD2>
			<KEYWORD2>pspell_config_save_repl</KEYWORD2>
			<KEYWORD2>pspell_new</KEYWORD2>
			<KEYWORD2>pspell_new_config</KEYWORD2>
			<KEYWORD2>pspell_new_personal</KEYWORD2>
			<KEYWORD2>pspell_save_wordlist</KEYWORD2>
			<KEYWORD2>pspell_store_replacement</KEYWORD2>
			<KEYWORD2>pspell_suggest</KEYWORD2>
			<KEYWORD2>putenv</KEYWORD2>
			<KEYWORD2>putenv</KEYWORD2>
			<KEYWORD2>qdom_error</KEYWORD2>
			<KEYWORD2>qdom_tree</KEYWORD2>
			<KEYWORD2>quoted_printable_decode</KEYWORD2>
			<KEYWORD2>quotemeta</KEYWORD2>
			<KEYWORD2>rad2deg</KEYWORD2>
			<KEYWORD2>rand</KEYWORD2>
			<KEYWORD2>range</KEYWORD2>
			<KEYWORD2>rawurldecode</KEYWORD2>
			<KEYWORD2>rawurlencode</KEYWORD2>
			<KEYWORD2>read</KEYWORD2>
			<KEYWORD2>read_exif_data</KEYWORD2>
			<KEYWORD2>readdir</KEYWORD2>
			<KEYWORD2>readfile</KEYWORD2>
			<KEYWORD2>readgzfile</KEYWORD2>
			<KEYWORD2>readline</KEYWORD2>
			<KEYWORD2>readline_add_history</KEYWORD2>
			<KEYWORD2>readline_clear_history</KEYWORD2>
			<KEYWORD2>readline_completion_function</KEYWORD2>
			<KEYWORD2>readline_info</KEYWORD2>
			<KEYWORD2>readline_list_history</KEYWORD2>
			<KEYWORD2>readline_list_history</KEYWORD2>
			<KEYWORD2>readline_read_history</KEYWORD2>
			<KEYWORD2>readline_write_history</KEYWORD2>
			<KEYWORD2>readlink</KEYWORD2>
			<KEYWORD2>readlink</KEYWORD2>
			<KEYWORD2>readv</KEYWORD2>
			<KEYWORD2>realpath</KEYWORD2>
			<KEYWORD2>realpath</KEYWORD2>
			<KEYWORD2>recode</KEYWORD2>
			<KEYWORD2>recode_file</KEYWORD2>
			<KEYWORD2>recode_string</KEYWORD2>
			<KEYWORD2>recv</KEYWORD2>
			<KEYWORD2>recvfrom</KEYWORD2>
			<KEYWORD2>recvmsg</KEYWORD2>
			<KEYWORD2>register_shutdown_function</KEYWORD2>
			<KEYWORD2>register_tick_function</KEYWORD2>
			<KEYWORD2>remove</KEYWORD2>
			<KEYWORD2>remove</KEYWORD2>
			<KEYWORD2>rename</KEYWORD2>
			<KEYWORD2>reset</KEYWORD2>
			<KEYWORD2>restore_error_handler</KEYWORD2>
			<KEYWORD2>rewind</KEYWORD2>
			<KEYWORD2>rewinddir</KEYWORD2>
			<KEYWORD2>rmdir</KEYWORD2>
			<KEYWORD2>rotate</KEYWORD2>
			<KEYWORD2>rotateto</KEYWORD2>
			<KEYWORD2>rotateto</KEYWORD2>
			<KEYWORD2>round</KEYWORD2>
			<KEYWORD2>rsort</KEYWORD2>
			<KEYWORD2>rtrim</KEYWORD2>
			<KEYWORD2>satellite_caught_exception</KEYWORD2>
			<KEYWORD2>satellite_exception_id</KEYWORD2>
			<KEYWORD2>satellite_exception_value</KEYWORD2>
			<KEYWORD2>satellite_get_repository_id</KEYWORD2>
			<KEYWORD2>satellite_load_idl</KEYWORD2>
			<KEYWORD2>save</KEYWORD2>
			<KEYWORD2>savetofile</KEYWORD2>
			<KEYWORD2>scale</KEYWORD2>
			<KEYWORD2>scaleto</KEYWORD2>
			<KEYWORD2>scaleto</KEYWORD2>
			<KEYWORD2>select</KEYWORD2>
			<KEYWORD2>sem_acquire</KEYWORD2>
			<KEYWORD2>sem_get</KEYWORD2>
			<KEYWORD2>sem_release</KEYWORD2>
			<KEYWORD2>send</KEYWORD2>
			<KEYWORD2>sendmsg</KEYWORD2>
			<KEYWORD2>sendto</KEYWORD2>
			<KEYWORD2>serialize</KEYWORD2>
			<KEYWORD2>session_cache_limiter</KEYWORD2>
			<KEYWORD2>session_decode</KEYWORD2>
			<KEYWORD2>session_destroy</KEYWORD2>
			<KEYWORD2>session_encode</KEYWORD2>
			<KEYWORD2>session_get_cookie_params</KEYWORD2>
			<KEYWORD2>session_id</KEYWORD2>
			<KEYWORD2>session_is_registered</KEYWORD2>
			<KEYWORD2>session_module_name</KEYWORD2>
			<KEYWORD2>session_name</KEYWORD2>
			<KEYWORD2>session_register</KEYWORD2>
			<KEYWORD2>session_save_path</KEYWORD2>
			<KEYWORD2>session_set_cookie_params</KEYWORD2>
			<KEYWORD2>session_set_save_handler</KEYWORD2>
			<KEYWORD2>session_start</KEYWORD2>
			<KEYWORD2>session_unregister</KEYWORD2>
			<KEYWORD2>session_unset</KEYWORD2>
			<KEYWORD2>session_write_close</KEYWORD2>
			<KEYWORD2>set_content</KEYWORD2>
			<KEYWORD2>set_error_handler</KEYWORD2>
			<KEYWORD2>set_file_buffer</KEYWORD2>
			<KEYWORD2>set_iovec</KEYWORD2>
			<KEYWORD2>set_magic_quotes_runtime</KEYWORD2>
			<KEYWORD2>set_nonblock</KEYWORD2>
			<KEYWORD2>set_socket_blocking</KEYWORD2>
			<KEYWORD2>set_time_limit</KEYWORD2>
			<KEYWORD2>setaction</KEYWORD2>
			<KEYWORD2>setbackground</KEYWORD2>
			<KEYWORD2>setbounds</KEYWORD2>
			<KEYWORD2>setcolor</KEYWORD2>
			<KEYWORD2>setcolor</KEYWORD2>
			<KEYWORD2>setcookie</KEYWORD2>
			<KEYWORD2>setdepth</KEYWORD2>
			<KEYWORD2>setdimension</KEYWORD2>
			<KEYWORD2>setdown</KEYWORD2>
			<KEYWORD2>setfont</KEYWORD2>
			<KEYWORD2>setfont</KEYWORD2>
			<KEYWORD2>setframes</KEYWORD2>
			<KEYWORD2>setframes</KEYWORD2>
			<KEYWORD2>setheight</KEYWORD2>
			<KEYWORD2>setheight</KEYWORD2>
			<KEYWORD2>sethit</KEYWORD2>
			<KEYWORD2>setindentation</KEYWORD2>
			<KEYWORD2>setleftfill</KEYWORD2>
			<KEYWORD2>setleftmargin</KEYWORD2>
			<KEYWORD2>setline</KEYWORD2>
			<KEYWORD2>setlinespacing</KEYWORD2>
			<KEYWORD2>setlocale</KEYWORD2>
			<KEYWORD2>setmargins</KEYWORD2>
			<KEYWORD2>setmatrix</KEYWORD2>
			<KEYWORD2>setname</KEYWORD2>
			<KEYWORD2>setname</KEYWORD2>
			<KEYWORD2>setover</KEYWORD2>
			<KEYWORD2>setrate</KEYWORD2>
			<KEYWORD2>setratio</KEYWORD2>
			<KEYWORD2>setrightfill</KEYWORD2>
			<KEYWORD2>setrightmargin</KEYWORD2>
			<KEYWORD2>setsockopt</KEYWORD2>
			<KEYWORD2>setspacing</KEYWORD2>
			<KEYWORD2>settype</KEYWORD2>
			<KEYWORD2>setup</KEYWORD2>
			<KEYWORD2>shell_exec</KEYWORD2>
			<KEYWORD2>shm_attach</KEYWORD2>
			<KEYWORD2>shm_detach</KEYWORD2>
			<KEYWORD2>shm_get_var</KEYWORD2>
			<KEYWORD2>shm_put_var</KEYWORD2>
			<KEYWORD2>shm_remove</KEYWORD2>
			<KEYWORD2>shm_remove_var</KEYWORD2>
			<KEYWORD2>shmop_close</KEYWORD2>
			<KEYWORD2>shmop_delete</KEYWORD2>
			<KEYWORD2>shmop_open</KEYWORD2>
			<KEYWORD2>shmop_read</KEYWORD2>
			<KEYWORD2>shmop_size</KEYWORD2>
			<KEYWORD2>shmop_write</KEYWORD2>
			<KEYWORD2>show_source</KEYWORD2>
			<KEYWORD2>shuffle</KEYWORD2>
			<KEYWORD2>shutdown</KEYWORD2>
			<KEYWORD2>signal</KEYWORD2>
			<KEYWORD2>similar_text</KEYWORD2>
			<KEYWORD2>sin</KEYWORD2>
			<KEYWORD2>sizeof</KEYWORD2>
			<KEYWORD2>skewx</KEYWORD2>
			<KEYWORD2>skewxto</KEYWORD2>
			<KEYWORD2>skewxto</KEYWORD2>
			<KEYWORD2>skewy</KEYWORD2>
			<KEYWORD2>skewyto</KEYWORD2>
			<KEYWORD2>skewyto</KEYWORD2>
			<KEYWORD2>sleep</KEYWORD2>
			<KEYWORD2>snmp_get_quick_print</KEYWORD2>
			<KEYWORD2>snmp_set_quick_print</KEYWORD2>
			<KEYWORD2>snmpget</KEYWORD2>
			<KEYWORD2>snmpget</KEYWORD2>
			<KEYWORD2>snmprealwalk</KEYWORD2>
			<KEYWORD2>snmpset</KEYWORD2>
			<KEYWORD2>snmpwalk</KEYWORD2>
			<KEYWORD2>snmpwalk</KEYWORD2>
			<KEYWORD2>snmpwalkoid</KEYWORD2>
			<KEYWORD2>socket</KEYWORD2>
			<KEYWORD2>socket_get_status</KEYWORD2>
			<KEYWORD2>socket_set_blocking</KEYWORD2>
			<KEYWORD2>socket_set_timeout</KEYWORD2>
			<KEYWORD2>socket_set_timeout</KEYWORD2>
			<KEYWORD2>socketpair</KEYWORD2>
			<KEYWORD2>sort</KEYWORD2>
			<KEYWORD2>soundex</KEYWORD2>
			<KEYWORD2>split</KEYWORD2>
			<KEYWORD2>spliti</KEYWORD2>
			<KEYWORD2>sprintf</KEYWORD2>
			<KEYWORD2>sql_regcase</KEYWORD2>
			<KEYWORD2>sqrt</KEYWORD2>
			<KEYWORD2>srand</KEYWORD2>
			<KEYWORD2>sscanf</KEYWORD2>
			<KEYWORD2>stat</KEYWORD2>
			<KEYWORD2>str_pad</KEYWORD2>
			<KEYWORD2>str_repeat</KEYWORD2>
			<KEYWORD2>str_replace</KEYWORD2>
			<KEYWORD2>strcasecmp</KEYWORD2>
			<KEYWORD2>strchr</KEYWORD2>
			<KEYWORD2>strcmp</KEYWORD2>
			<KEYWORD2>strcoll</KEYWORD2>
			<KEYWORD2>strcoll</KEYWORD2>
			<KEYWORD2>strcspn</KEYWORD2>
			<KEYWORD2>streammp3</KEYWORD2>
			<KEYWORD2>strerror</KEYWORD2>
			<KEYWORD2>strftime</KEYWORD2>
			<KEYWORD2>strftime</KEYWORD2>
			<KEYWORD2>strip_tags</KEYWORD2>
			<KEYWORD2>stripcslashes</KEYWORD2>
			<KEYWORD2>stripslashes</KEYWORD2>
			<KEYWORD2>stristr</KEYWORD2>
			<KEYWORD2>strlen</KEYWORD2>
			<KEYWORD2>strnatcasecmp</KEYWORD2>
			<KEYWORD2>strnatcmp</KEYWORD2>
			<KEYWORD2>strncasecmp</KEYWORD2>
			<KEYWORD2>strncmp</KEYWORD2>
			<KEYWORD2>strpos</KEYWORD2>
			<KEYWORD2>strrchr</KEYWORD2>
			<KEYWORD2>strrev</KEYWORD2>
			<KEYWORD2>strrpos</KEYWORD2>
			<KEYWORD2>strspn</KEYWORD2>
			<KEYWORD2>strstr</KEYWORD2>
			<KEYWORD2>strtok</KEYWORD2>
			<KEYWORD2>strtolower</KEYWORD2>
			<KEYWORD2>strtotime</KEYWORD2>
			<KEYWORD2>strtoupper</KEYWORD2>
			<KEYWORD2>strtr</KEYWORD2>
			<KEYWORD2>strval</KEYWORD2>
			<KEYWORD2>substr</KEYWORD2>
			<KEYWORD2>substr_count</KEYWORD2>
			<KEYWORD2>substr_replace</KEYWORD2>
			<KEYWORD2>swf_actiongeturl</KEYWORD2>
			<KEYWORD2>swf_actiongotoframe</KEYWORD2>
			<KEYWORD2>swf_actiongotolabel</KEYWORD2>
			<KEYWORD2>swf_actionnextframe</KEYWORD2>
			<KEYWORD2>swf_actionplay</KEYWORD2>
			<KEYWORD2>swf_actionprevframe</KEYWORD2>
			<KEYWORD2>swf_actionsettarget</KEYWORD2>
			<KEYWORD2>swf_actionstop</KEYWORD2>
			<KEYWORD2>swf_actiontogglequality</KEYWORD2>
			<KEYWORD2>swf_actionwaitforframe</KEYWORD2>
			<KEYWORD2>swf_addbuttonrecord</KEYWORD2>
			<KEYWORD2>swf_addcolor</KEYWORD2>
			<KEYWORD2>swf_closefile</KEYWORD2>
			<KEYWORD2>swf_definebitmap</KEYWORD2>
			<KEYWORD2>swf_definefont</KEYWORD2>
			<KEYWORD2>swf_defineline</KEYWORD2>
			<KEYWORD2>swf_definepoly</KEYWORD2>
			<KEYWORD2>swf_definerect</KEYWORD2>
			<KEYWORD2>swf_definetext</KEYWORD2>
			<KEYWORD2>swf_endbutton</KEYWORD2>
			<KEYWORD2>swf_enddoaction</KEYWORD2>
			<KEYWORD2>swf_endshape</KEYWORD2>
			<KEYWORD2>swf_endsymbol</KEYWORD2>
			<KEYWORD2>swf_fontsize</KEYWORD2>
			<KEYWORD2>swf_fontslant</KEYWORD2>
			<KEYWORD2>swf_fonttracking</KEYWORD2>
			<KEYWORD2>swf_getbitmapinfo</KEYWORD2>
			<KEYWORD2>swf_getfontinfo</KEYWORD2>
			<KEYWORD2>swf_getframe</KEYWORD2>
			<KEYWORD2>swf_labelframe</KEYWORD2>
			<KEYWORD2>swf_lookat</KEYWORD2>
			<KEYWORD2>swf_modifyobject</KEYWORD2>
			<KEYWORD2>swf_mulcolor</KEYWORD2>
			<KEYWORD2>swf_nextid</KEYWORD2>
			<KEYWORD2>swf_oncondition</KEYWORD2>
			<KEYWORD2>swf_openfile</KEYWORD2>
			<KEYWORD2>swf_ortho</KEYWORD2>
			<KEYWORD2>swf_ortho2</KEYWORD2>
			<KEYWORD2>swf_perspective</KEYWORD2>
			<KEYWORD2>swf_placeobject</KEYWORD2>
			<KEYWORD2>swf_polarview</KEYWORD2>
			<KEYWORD2>swf_popmatrix</KEYWORD2>
			<KEYWORD2>swf_posround</KEYWORD2>
			<KEYWORD2>swf_pushmatrix</KEYWORD2>
			<KEYWORD2>swf_removeobject</KEYWORD2>
			<KEYWORD2>swf_rotate</KEYWORD2>
			<KEYWORD2>swf_scale</KEYWORD2>
			<KEYWORD2>swf_setfont</KEYWORD2>
			<KEYWORD2>swf_setframe</KEYWORD2>
			<KEYWORD2>swf_shapearc</KEYWORD2>
			<KEYWORD2>swf_shapecurveto</KEYWORD2>
			<KEYWORD2>swf_shapecurveto3</KEYWORD2>
			<KEYWORD2>swf_shapefillbitmapclip</KEYWORD2>
			<KEYWORD2>swf_shapefillbitmaptile</KEYWORD2>
			<KEYWORD2>swf_shapefilloff</KEYWORD2>
			<KEYWORD2>swf_shapefillsolid</KEYWORD2>
			<KEYWORD2>swf_shapelinesolid</KEYWORD2>
			<KEYWORD2>swf_shapelineto</KEYWORD2>
			<KEYWORD2>swf_shapemoveto</KEYWORD2>
			<KEYWORD2>swf_showframe</KEYWORD2>
			<KEYWORD2>swf_startbutton</KEYWORD2>
			<KEYWORD2>swf_startdoaction</KEYWORD2>
			<KEYWORD2>swf_startshape</KEYWORD2>
			<KEYWORD2>swf_startsymbol</KEYWORD2>
			<KEYWORD2>swf_textwidth</KEYWORD2>
			<KEYWORD2>swf_translate</KEYWORD2>
			<KEYWORD2>swf_viewport</KEYWORD2>
			<KEYWORD2>swfaction</KEYWORD2>
			<KEYWORD2>swfbitmap</KEYWORD2>
			<KEYWORD2>swfbutton</KEYWORD2>
			<KEYWORD2>swfbutton_keypress</KEYWORD2>
			<KEYWORD2>swffill</KEYWORD2>
			<KEYWORD2>swffont</KEYWORD2>
			<KEYWORD2>swfgradient</KEYWORD2>
			<KEYWORD2>swfmorph</KEYWORD2>
			<KEYWORD2>swfmovie</KEYWORD2>
			<KEYWORD2>swfshape</KEYWORD2>
			<KEYWORD2>swfsprite</KEYWORD2>
			<KEYWORD2>swftext</KEYWORD2>
			<KEYWORD2>swftextfield</KEYWORD2>
			<KEYWORD2>sybase_affected_rows</KEYWORD2>
			<KEYWORD2>sybase_affected_rows</KEYWORD2>
			<KEYWORD2>sybase_close</KEYWORD2>
			<KEYWORD2>sybase_close</KEYWORD2>
			<KEYWORD2>sybase_connect</KEYWORD2>
			<KEYWORD2>sybase_connect</KEYWORD2>
			<KEYWORD2>sybase_data_seek</KEYWORD2>
			<KEYWORD2>sybase_data_seek</KEYWORD2>
			<KEYWORD2>sybase_fetch_array</KEYWORD2>
			<KEYWORD2>sybase_fetch_array</KEYWORD2>
			<KEYWORD2>sybase_fetch_field</KEYWORD2>
			<KEYWORD2>sybase_fetch_field</KEYWORD2>
			<KEYWORD2>sybase_fetch_object</KEYWORD2>
			<KEYWORD2>sybase_fetch_object</KEYWORD2>
			<KEYWORD2>sybase_fetch_row</KEYWORD2>
			<KEYWORD2>sybase_fetch_row</KEYWORD2>
			<KEYWORD2>sybase_field_seek</KEYWORD2>
			<KEYWORD2>sybase_field_seek</KEYWORD2>
			<KEYWORD2>sybase_free_result</KEYWORD2>
			<KEYWORD2>sybase_free_result</KEYWORD2>
			<KEYWORD2>sybase_get_last_message</KEYWORD2>
			<KEYWORD2>sybase_get_last_message</KEYWORD2>
			<KEYWORD2>sybase_min_client_severity</KEYWORD2>
			<KEYWORD2>sybase_min_error_severity</KEYWORD2>
			<KEYWORD2>sybase_min_message_severity</KEYWORD2>
			<KEYWORD2>sybase_min_server_severity</KEYWORD2>
			<KEYWORD2>sybase_num_fields</KEYWORD2>
			<KEYWORD2>sybase_num_fields</KEYWORD2>
			<KEYWORD2>sybase_num_rows</KEYWORD2>
			<KEYWORD2>sybase_num_rows</KEYWORD2>
			<KEYWORD2>sybase_pconnect</KEYWORD2>
			<KEYWORD2>sybase_pconnect</KEYWORD2>
			<KEYWORD2>sybase_query</KEYWORD2>
			<KEYWORD2>sybase_query</KEYWORD2>
			<KEYWORD2>sybase_result</KEYWORD2>
			<KEYWORD2>sybase_result</KEYWORD2>
			<KEYWORD2>sybase_select_db</KEYWORD2>
			<KEYWORD2>sybase_select_db</KEYWORD2>
			<KEYWORD2>symlink</KEYWORD2>
			<KEYWORD2>symlink</KEYWORD2>
			<KEYWORD2>syslog</KEYWORD2>
			<KEYWORD2>system</KEYWORD2>
			<KEYWORD2>tan</KEYWORD2>
			<KEYWORD2>tempnam</KEYWORD2>
			<KEYWORD2>textdomain</KEYWORD2>
			<KEYWORD2>time</KEYWORD2>
			<KEYWORD2>tmpfile</KEYWORD2>
			<KEYWORD2>touch</KEYWORD2>
			<KEYWORD2>trigger_error</KEYWORD2>
			<KEYWORD2>trim</KEYWORD2>
			<KEYWORD2>uasort</KEYWORD2>
			<KEYWORD2>ucfirst</KEYWORD2>
			<KEYWORD2>ucwords</KEYWORD2>
			<KEYWORD2>udm_add_search_limit</KEYWORD2>
			<KEYWORD2>udm_alloc_agent</KEYWORD2>
			<KEYWORD2>udm_api_version</KEYWORD2>
			<KEYWORD2>udm_clear_search_limits</KEYWORD2>
			<KEYWORD2>udm_errno</KEYWORD2>
			<KEYWORD2>udm_error</KEYWORD2>
			<KEYWORD2>udm_find</KEYWORD2>
			<KEYWORD2>udm_free_agent</KEYWORD2>
			<KEYWORD2>udm_free_ispell_data</KEYWORD2>
			<KEYWORD2>udm_free_res</KEYWORD2>
			<KEYWORD2>udm_get_doc_count</KEYWORD2>
			<KEYWORD2>udm_get_res_field</KEYWORD2>
			<KEYWORD2>udm_get_res_param</KEYWORD2>
			<KEYWORD2>udm_load_ispell_data</KEYWORD2>
			<KEYWORD2>udm_set_agent_param</KEYWORD2>
			<KEYWORD2>uksort</KEYWORD2>
			<KEYWORD2>umask</KEYWORD2>
			<KEYWORD2>uniqid</KEYWORD2>
			<KEYWORD2>uniqid</KEYWORD2>
			<KEYWORD2>unixtojd</KEYWORD2>
			<KEYWORD2>unlink</KEYWORD2>
			<KEYWORD2>unpack</KEYWORD2>
			<KEYWORD2>unregister_tick_function</KEYWORD2>
			<KEYWORD2>unserialize</KEYWORD2>
			<KEYWORD2>unset</KEYWORD2>
			<KEYWORD2>urldecode</KEYWORD2>
			<KEYWORD2>urlencode</KEYWORD2>
			<KEYWORD2>user_error</KEYWORD2>
			<KEYWORD2>usleep</KEYWORD2>
			<KEYWORD2>usort</KEYWORD2>
			<KEYWORD2>utf8_decode</KEYWORD2>
			<KEYWORD2>utf8_encode</KEYWORD2>
			<KEYWORD2>var_dump</KEYWORD2>
			<KEYWORD2>velocis_autocommit</KEYWORD2>
			<KEYWORD2>velocis_close</KEYWORD2>
			<KEYWORD2>velocis_commit</KEYWORD2>
			<KEYWORD2>velocis_connect</KEYWORD2>
			<KEYWORD2>velocis_exec</KEYWORD2>
			<KEYWORD2>velocis_fetch</KEYWORD2>
			<KEYWORD2>velocis_fieldname</KEYWORD2>
			<KEYWORD2>velocis_fieldnum</KEYWORD2>
			<KEYWORD2>velocis_freeresult</KEYWORD2>
			<KEYWORD2>velocis_off_autocommit</KEYWORD2>
			<KEYWORD2>velocis_result</KEYWORD2>
			<KEYWORD2>velocis_rollback</KEYWORD2>
			<KEYWORD2>virtual</KEYWORD2>
			<KEYWORD2>vpopmail_add_alias_domain</KEYWORD2>
			<KEYWORD2>vpopmail_add_alias_domain_ex</KEYWORD2>
			<KEYWORD2>vpopmail_add_domain</KEYWORD2>
			<KEYWORD2>vpopmail_add_domain_ex</KEYWORD2>
			<KEYWORD2>vpopmail_add_user</KEYWORD2>
			<KEYWORD2>vpopmail_auth_user</KEYWORD2>
			<KEYWORD2>vpopmail_del_domain</KEYWORD2>
			<KEYWORD2>vpopmail_del_domain_ex</KEYWORD2>
			<KEYWORD2>vpopmail_del_user</KEYWORD2>
			<KEYWORD2>vpopmail_error</KEYWORD2>
			<KEYWORD2>vpopmail_passwd</KEYWORD2>
			<KEYWORD2>vpopmail_set_user_quota</KEYWORD2>
			<KEYWORD2>wddx_add_vars</KEYWORD2>
			<KEYWORD2>wddx_deserialize</KEYWORD2>
			<KEYWORD2>wddx_packet_end</KEYWORD2>
			<KEYWORD2>wddx_packet_start</KEYWORD2>
			<KEYWORD2>wddx_serialize_value</KEYWORD2>
			<KEYWORD2>wddx_serialize_vars</KEYWORD2>
			<KEYWORD2>wordwrap</KEYWORD2>
			<KEYWORD2>write</KEYWORD2>
			<KEYWORD2>writev</KEYWORD2>
			<KEYWORD2>xml_error_string</KEYWORD2>
			<KEYWORD2>xml_get_current_byte_index</KEYWORD2>
			<KEYWORD2>xml_get_current_column_number</KEYWORD2>
			<KEYWORD2>xml_get_current_line_number</KEYWORD2>
			<KEYWORD2>xml_get_error_code</KEYWORD2>
			<KEYWORD2>xml_parse</KEYWORD2>
			<KEYWORD2>xml_parse_into_struct</KEYWORD2>
			<KEYWORD2>xml_parser_create</KEYWORD2>
			<KEYWORD2>xml_parser_create_ns</KEYWORD2>
			<KEYWORD2>xml_parser_free</KEYWORD2>
			<KEYWORD2>xml_parser_get_option</KEYWORD2>
			<KEYWORD2>xml_parser_set_option</KEYWORD2>
			<KEYWORD2>xml_set_character_data_handler</KEYWORD2>
			<KEYWORD2>xml_set_default_handler</KEYWORD2>
			<KEYWORD2>xml_set_element_handler</KEYWORD2>
			<KEYWORD2>xml_set_end_namespace_decl_handler</KEYWORD2>
			<KEYWORD2>xml_set_external_entity_ref_handler</KEYWORD2>
			<KEYWORD2>xml_set_notation_decl_handler</KEYWORD2>
			<KEYWORD2>xml_set_object</KEYWORD2>
			<KEYWORD2>xml_set_processing_instruction_handler</KEYWORD2>
			<KEYWORD2>xml_set_start_namespace_decl_handler</KEYWORD2>
			<KEYWORD2>xml_set_unparsed_entity_decl_handler</KEYWORD2>
			<KEYWORD2>xmldoc</KEYWORD2>
			<KEYWORD2>xmldocfile</KEYWORD2>
			<KEYWORD2>xmltree</KEYWORD2>
			<KEYWORD2>xpath_eval</KEYWORD2>
			<KEYWORD2>xpath_eval_expression</KEYWORD2>
			<KEYWORD2>xptr_eval</KEYWORD2>
			<KEYWORD2>xslt_closelog</KEYWORD2>
			<KEYWORD2>xslt_create</KEYWORD2>
			<KEYWORD2>xslt_errno</KEYWORD2>
			<KEYWORD2>xslt_error</KEYWORD2>
			<KEYWORD2>xslt_fetch_result</KEYWORD2>
			<KEYWORD2>xslt_free</KEYWORD2>
			<KEYWORD2>xslt_openlog</KEYWORD2>
			<KEYWORD2>xslt_output_begintransform</KEYWORD2>
			<KEYWORD2>xslt_output_endtransform</KEYWORD2>
			<KEYWORD2>xslt_process</KEYWORD2>
			<KEYWORD2>xslt_run</KEYWORD2>
			<KEYWORD2>xslt_set_base</KEYWORD2>
			<KEYWORD2>xslt_set_encoding</KEYWORD2>
			<KEYWORD2>xslt_set_error_handler</KEYWORD2>
			<KEYWORD2>xslt_set_sax_handler</KEYWORD2>
			<KEYWORD2>xslt_set_scheme_handler</KEYWORD2>
			<KEYWORD2>xslt_transform</KEYWORD2>
			<KEYWORD2>yaz_addinfo</KEYWORD2>
			<KEYWORD2>yaz_ccl_conf</KEYWORD2>
			<KEYWORD2>yaz_ccl_parse</KEYWORD2>
			<KEYWORD2>yaz_close</KEYWORD2>
			<KEYWORD2>yaz_connect</KEYWORD2>
			<KEYWORD2>yaz_database</KEYWORD2>
			<KEYWORD2>yaz_element</KEYWORD2>
			<KEYWORD2>yaz_errno</KEYWORD2>
			<KEYWORD2>yaz_error</KEYWORD2>
			<KEYWORD2>yaz_hits</KEYWORD2>
			<KEYWORD2>yaz_itemorder</KEYWORD2>
			<KEYWORD2>yaz_present</KEYWORD2>
			<KEYWORD2>yaz_range</KEYWORD2>
			<KEYWORD2>yaz_record</KEYWORD2>
			<KEYWORD2>yaz_scan</KEYWORD2>
			<KEYWORD2>yaz_scan_result</KEYWORD2>
			<KEYWORD2>yaz_search</KEYWORD2>
			<KEYWORD2>yaz_syntax</KEYWORD2>
			<KEYWORD2>yaz_wait</KEYWORD2>
			<KEYWORD2>yp_all</KEYWORD2>
			<KEYWORD2>yp_cat</KEYWORD2>
			<KEYWORD2>yp_err_string</KEYWORD2>
			<KEYWORD2>yp_errno</KEYWORD2>
			<KEYWORD2>yp_first</KEYWORD2>
			<KEYWORD2>yp_get_default_domain</KEYWORD2>
			<KEYWORD2>yp_master</KEYWORD2>
			<KEYWORD2>yp_match</KEYWORD2>
			<KEYWORD2>yp_next</KEYWORD2>
			<KEYWORD2>yp_order</KEYWORD2>
			<KEYWORD2>zend_logo_guid</KEYWORD2>
			<KEYWORD2>zend_test_func</KEYWORD2>
			<KEYWORD2>zend_version</KEYWORD2>
			<KEYWORD2>zzip_close</KEYWORD2>
			<KEYWORD2>zzip_closedir</KEYWORD2>
			<KEYWORD2>zzip_entry_compressedsize</KEYWORD2>
			<KEYWORD2>zzip_entry_compressionmethod</KEYWORD2>
			<KEYWORD2>zzip_entry_filesize</KEYWORD2>
			<KEYWORD2>zzip_entry_name</KEYWORD2>
			<KEYWORD2>zzip_open</KEYWORD2>
			<KEYWORD2>zzip_opendir</KEYWORD2>
			<KEYWORD2>zzip_read</KEYWORD2>
			<KEYWORD2>zzip_readdir</KEYWORD2>
		</KEYWORDS>
	</RULES>

	<RULES SET="PHP_LITERAL" ESCAPE="\" DEFAULT="LITERAL1">
		<MARK_FOLLOWING TYPE="KEYWORD3">$</MARK_FOLLOWING>
		<SEQ TYPE="LITERAL1">\</SEQ>
		<SEQ TYPE="LITERAL1">=</SEQ>
		<SEQ TYPE="LITERAL1">!</SEQ>
		<SEQ TYPE="LITERAL1">&gt;=</SEQ>
		<SEQ TYPE="LITERAL1">&lt;=</SEQ>
		<SEQ TYPE="LITERAL1">=</SEQ>
		<SEQ TYPE="LITERAL1">+</SEQ>
		<SEQ TYPE="LITERAL1">-</SEQ>
		<SEQ TYPE="LITERAL1">/</SEQ>
		<SEQ TYPE="LITERAL1">*</SEQ>
		<SEQ TYPE="LITERAL1">&gt;</SEQ>
		<SEQ TYPE="LITERAL1">&lt;</SEQ>
		<SEQ TYPE="LITERAL1">%</SEQ>
		<SEQ TYPE="LITERAL1">&amp;</SEQ>
		<SEQ TYPE="LITERAL1">|</SEQ>
		<SEQ TYPE="LITERAL1">^</SEQ>
		<SEQ TYPE="LITERAL1">~</SEQ>
		<SEQ TYPE="LITERAL1">.</SEQ>
		<SEQ TYPE="LITERAL1">}</SEQ>
		<SEQ TYPE="LITERAL1">{</SEQ>
		<SEQ TYPE="LITERAL1">,</SEQ>
		<SEQ TYPE="LITERAL1">;</SEQ>
		<SEQ TYPE="LITERAL1">]</SEQ>
		<SEQ TYPE="LITERAL1">[</SEQ>
		<SEQ TYPE="LITERAL1">?</SEQ>
		<SEQ TYPE="LITERAL1">@</SEQ>
		<SEQ TYPE="LITERAL1">:</SEQ>
		<SEQ TYPE="LITERAL1">)</SEQ>
		<SEQ TYPE="LITERAL1">'</SEQ>
	</RULES>
</MODE>
