<?xml version="1.0"?>

<!DOCTYPE MODE SYSTEM "xmode.dtd">

<!-- Progress v9.1d mode by Patrick Tingen          -->
<!-- ---------------------------------------------- -->
<!-- 2002-10-08 Gerben Wieringa added some keywords -->
<!-- 2003-02-18 Patrick Tingen  added some keywords -->
<!-- ---------------------------------------------- -->

<MODE>
	<PROPS>
		<PROPERTY NAME="commentStart" VALUE="/*" />
		<PROPERTY NAME="commentEnd" VALUE="*/" />
		<PROPERTY NAME="boxComment" VALUE="**" />
	</PROPS>

	<RULES IGNORE_CASE="TRUE" HIGHLIGHT_DIGITS="TRUE">
		<WHITESPACE> </WHITESPACE>
		<WHITESPACE>	</WHITESPACE>

		<!-- Normal comments. -->
		<SPAN TYPE="COMMENT1">
			<BEGIN>/*</BEGIN>
			<END>*/</END>
		</SPAN>

		<!-- Literal values -->
		<SPAN TYPE="LITERAL1">
			<BEGIN>'</BEGIN>
			<END>'</END>
		</SPAN>

		<SPAN TYPE="LITERAL1">
			<BEGIN>"</BEGIN>
			<END>"</END>
		</SPAN>

      <!-- Include files parameters -->
		<MARK_FOLLOWING TYPE="LABEL">&amp;</MARK_FOLLOWING>

		<SEQ TYPE="NULL">)</SEQ>
		<SEQ TYPE="NULL">(</SEQ>
		<SEQ TYPE="NULL">]</SEQ>
		<SEQ TYPE="NULL">[</SEQ>
		<SEQ TYPE="NULL">.</SEQ>
		<SEQ TYPE="NULL">,</SEQ>
		<SEQ TYPE="NULL">;</SEQ>
		<SEQ TYPE="NULL">^</SEQ>
		<SEQ TYPE="NULL">@</SEQ>
		<SEQ TYPE="NULL">:</SEQ>
		<SEQ TYPE="OPERATOR">=</SEQ>
		<SEQ TYPE="OPERATOR">&lt;&gt;</SEQ>
		<SEQ TYPE="OPERATOR">&gt;</SEQ>
		<SEQ TYPE="OPERATOR">&lt;</SEQ>
		<SEQ TYPE="OPERATOR">&gt;=</SEQ>
		<SEQ TYPE="OPERATOR">&lt;=</SEQ>
		<SEQ TYPE="OPERATOR">+</SEQ>
		<SEQ TYPE="OPERATOR">/</SEQ>
		<SEQ TYPE="OPERATOR">*</SEQ>

		<KEYWORDS IGNORE_CASE="TRUE">
		    <!-- Logicals. -->
            <LITERAL2>false</LITERAL2>
            <LITERAL2>no</LITERAL2>
            <LITERAL2>true</LITERAL2>
            <LITERAL2>yes</LITERAL2>

		    <!-- Preprocessor keywords. -->
            <COMMENT2>&amp;GLOB</COMMENT2>
            <COMMENT2>&amp;GLOBAL-DEFINE</COMMENT2>
            <COMMENT2>&amp;SCOP</COMMENT2>
            <COMMENT2>&amp;SCOPED-DEFINE</COMMENT2>
            <COMMENT2>&amp;UNDEFINE</COMMENT2>
            <COMMENT2>&amp;ANALYZE-SUSPEND</COMMENT2>
            <COMMENT2>&amp;ANALYZE-RESUME</COMMENT2>
            <COMMENT2>&amp;IF</COMMENT2>
            <COMMENT2>&amp;THEN</COMMENT2>
            <COMMENT2>&amp;ELSE</COMMENT2>
            <COMMENT2>&amp;ELSEIF</COMMENT2>
            <COMMENT2>&amp;ENDIF</COMMENT2>
            <COMMENT2>&amp;INCLUDE</COMMENT2>
            <COMMENT2>&amp;MESSAGE</COMMENT2>
            <COMMENT2>DEFINED</COMMENT2>
            <COMMENT2>&amp;BATCH-MODE</COMMENT2>
            <COMMENT2>&amp;FILE-NAME</COMMENT2>
            <COMMENT2>&amp;LINE-NUMBER</COMMENT2>
            <COMMENT2>&amp;OPSYS</COMMENT2>
            <COMMENT2>&amp;SEQUENCE</COMMENT2>
            <COMMENT2>&amp;WINDOW-SYSTEM</COMMENT2>
            <COMMENT2>&amp;LIST-1</COMMENT2>
            <COMMENT2>&amp;LIST-2</COMMENT2>
            <COMMENT2>&amp;LIST-3</COMMENT2>
            <COMMENT2>&amp;LIST-4</COMMENT2>
            <COMMENT2>&amp;LIST-5</COMMENT2>
            <COMMENT2>&amp;LIST-6</COMMENT2>
            <COMMENT2>&amp;ADM-CONTAINER</COMMENT2>
            <COMMENT2>&amp;ADM-SUPPORTED-LINKS</COMMENT2>
            <COMMENT2>&amp;BROWSE-NAME</COMMENT2>
            <COMMENT2>&amp;DEFINED</COMMENT2>
            <COMMENT2>&amp;DISPLAYED-FIELDS</COMMENT2>
            <COMMENT2>&amp;DISPLAYED-OBJECTS</COMMENT2>
            <COMMENT2>&amp;ENABLED-FIELDS</COMMENT2>
            <COMMENT2>&amp;ENABLED-FIELDS-IN-QUERY</COMMENT2>
            <COMMENT2>&amp;ENABLED-OBJECTS</COMMENT2>
            <COMMENT2>&amp;ENABLED-TABLES</COMMENT2>
            <COMMENT2>&amp;ENABLED-TABLES-IN-QUERY</COMMENT2>
            <COMMENT2>&amp;EXTERNAL-TABLES</COMMENT2>
            <COMMENT2>&amp;FIELD-PAIRS</COMMENT2>
            <COMMENT2>&amp;FIELD-PAIRS-IN-QUERY</COMMENT2>
            <COMMENT2>&amp;FIELDS-IN-QUERY</COMMENT2>
            <COMMENT2>&amp;FIRST-EXTERNAL-TABLE</COMMENT2>
            <COMMENT2>&amp;FIRST-TABLE-IN-QUERY</COMMENT2>
            <COMMENT2>&amp;FRAME-NAME</COMMENT2>
            <COMMENT2>&amp;INTERNAL-TABLES</COMMENT2>
            <COMMENT2>&amp;LAYOUT-VARIABLE</COMMENT2>
            <COMMENT2>&amp;NEW</COMMENT2>
            <COMMENT2>&amp;OPEN-BROWSERS-IN-QUERY</COMMENT2>
            <COMMENT2>&amp;OPEN-QUERY</COMMENT2>
            <COMMENT2>&amp;PROCEDURE-TYPE</COMMENT2>
            <COMMENT2>&amp;QUERY-NAME</COMMENT2>
            <COMMENT2>&amp;SELF-NAME</COMMENT2>
            <COMMENT2>&amp;TABLES-IN-QUERY</COMMENT2>
            <COMMENT2>&amp;UIB_is_Running</COMMENT2>
            <COMMENT2>&amp;WINDOW-NAME</COMMENT2>

		    <!-- Progress Statements & Reserved Keywords. -->
            <KEYWORD1>ACCUM</KEYWORD1>
            <KEYWORD1>ACCUMULATE</KEYWORD1>
            <KEYWORD1>ACTIVE-WINDOW</KEYWORD1>
            <KEYWORD1>ADD</KEYWORD1>
            <KEYWORD1>ADVISE</KEYWORD1>
            <KEYWORD1>ALERT-BOX</KEYWORD1>
            <KEYWORD1>ALIAS</KEYWORD1>
            <KEYWORD1>ALL</KEYWORD1>
            <KEYWORD1>ANYWHERE</KEYWORD1>
            <KEYWORD1>APPEND</KEYWORD1>
            <KEYWORD1>APPLY</KEYWORD1>
            <KEYWORD1>AS</KEYWORD1>
            <KEYWORD1>ASCENDING</KEYWORD1>
            <KEYWORD1>ASSIGN</KEYWORD1>
            <KEYWORD1>AT</KEYWORD1>
            <KEYWORD1>BEFORE-HIDE</KEYWORD1>
            <KEYWORD1>BELL</KEYWORD1>
            <KEYWORD1>BGCOLOR</KEYWORD1>
            <KEYWORD1>BREAK</KEYWORD1>
            <KEYWORD1>BROWSE</KEYWORD1>
            <KEYWORD1>BUFFER</KEYWORD1>
            <KEYWORD1>BUFFER-COMPARE</KEYWORD1>
            <KEYWORD1>BUFFER-COPY</KEYWORD1>
            <KEYWORD1>BUTTON</KEYWORD1>
            <KEYWORD1>BUTTONS</KEYWORD1>
            <KEYWORD1>BY</KEYWORD1>
            <KEYWORD1>CACHE</KEYWORD1>
            <KEYWORD1>CALL</KEYWORD1>
            <KEYWORD1>CASE</KEYWORD1>
            <KEYWORD1>CDECL</KEYWORD1>
            <KEYWORD1>CHAR</KEYWORD1>
            <KEYWORD1>CHARACTER</KEYWORD1>
            <KEYWORD1>CHOOSE</KEYWORD1>
            <KEYWORD1>CLEAR</KEYWORD1>
            <KEYWORD1>CLIPBOARD</KEYWORD1>
            <KEYWORD1>CLOSE</KEYWORD1>
            <KEYWORD1>COL</KEYWORD1>
            <KEYWORD1>COLON</KEYWORD1>
            <KEYWORD1>COLOR</KEYWORD1>
            <KEYWORD1>COLOR-TABLE</KEYWORD1>
            <KEYWORD1>COLUMN</KEYWORD1>
            <KEYWORD1>COM-HANDLE</KEYWORD1>
            <KEYWORD1>COM-SELF</KEYWORD1>
            <KEYWORD1>COMBO-BOX</KEYWORD1>
            <KEYWORD1>COMPILE</KEYWORD1>
            <KEYWORD1>COMPILER</KEYWORD1>
            <KEYWORD1>CONNECT</KEYWORD1>
            <KEYWORD1>CONTROL-FRAME</KEYWORD1>
            <KEYWORD1>CREATE</KEYWORD1>
            <KEYWORD1>CURRENT-LANGUAGE</KEYWORD1>
            <KEYWORD1>CURRENT-VALUE</KEYWORD1>
            <KEYWORD1>CURRENT-WINDOW</KEYWORD1>
            <KEYWORD1>CURSOR</KEYWORD1>
            <KEYWORD1>DATABASE</KEYWORD1>
            <KEYWORD1>DATE</KEYWORD1>
            <KEYWORD1>DDE</KEYWORD1>
            <KEYWORD1>DEBUG-LIST</KEYWORD1>
            <KEYWORD1>DEBUGGER</KEYWORD1>
            <KEYWORD1>DEC</KEYWORD1>
            <KEYWORD1>DECIMAL</KEYWORD1>
            <KEYWORD1>DEF</KEYWORD1>
            <KEYWORD1>DEFAULT-NOXLATE</KEYWORD1>
            <KEYWORD1>DEFAULT-WINDOW</KEYWORD1>
            <KEYWORD1>DEFINE</KEYWORD1>
            <KEYWORD1>DELETE</KEYWORD1>
            <KEYWORD1>DESCENDING</KEYWORD1>
            <KEYWORD1>DIALOG-BOX</KEYWORD1>
            <KEYWORD1>DICT</KEYWORD1>
            <KEYWORD1>DICTIONARY</KEYWORD1>
            <KEYWORD1>DISABLE</KEYWORD1>
            <KEYWORD1>DISCONNECT</KEYWORD1>
            <KEYWORD1>DISP</KEYWORD1>
            <KEYWORD1>DISPLAY</KEYWORD1>
            <KEYWORD1>DO</KEYWORD1>
            <KEYWORD1>DOS</KEYWORD1>
            <KEYWORD1>DOWN</KEYWORD1>
            <KEYWORD1>DROP</KEYWORD1>
            <KEYWORD1>DROP-DOWN-LIST</KEYWORD1>
            <KEYWORD1>DYN-FUNCTION</KEYWORD1>
            <KEYWORD1>EACH</KEYWORD1>
            <KEYWORD1>ECHO</KEYWORD1>
            <KEYWORD1>EDITING</KEYWORD1>
            <KEYWORD1>EDITOR</KEYWORD1>
            <KEYWORD1>ELSE</KEYWORD1>
            <KEYWORD1>ENABLE</KEYWORD1>
            <KEYWORD1>END</KEYWORD1>
            <KEYWORD1>END-ERROR</KEYWORD1>
            <KEYWORD1>ENDKEY</KEYWORD1>
            <KEYWORD1>ENTRY</KEYWORD1>
            <KEYWORD1>ERROR</KEYWORD1>
            <KEYWORD1>ERROR-STATUS</KEYWORD1>
            <KEYWORD1>EVENTS</KEYWORD1>
            <KEYWORD1>EXCL</KEYWORD1>
            <KEYWORD1>EXCLUSIVE</KEYWORD1>
            <KEYWORD1>EXCLUSIVE-LOCK</KEYWORD1>
            <KEYWORD1>EXECUTE</KEYWORD1>
            <KEYWORD1>EXPORT</KEYWORD1>
            <KEYWORD1>EXTERNAL</KEYWORD1>
            <KEYWORD1>FGCOLOR</KEYWORD1>
            <KEYWORD1>FIELD</KEYWORD1>
            <KEYWORD1>FIELD-GROUP</KEYWORD1>
            <KEYWORD1>FIELDS</KEYWORD1>
            <KEYWORD1>FILE-INFO</KEYWORD1>
            <KEYWORD1>FILE-INFORMATION</KEYWORD1>
            <KEYWORD1>FILL-IN</KEYWORD1>
            <KEYWORD1>FIND</KEYWORD1>
            <KEYWORD1>FIND-CASE-SENSITIVE</KEYWORD1>
            <KEYWORD1>FIND-GLOBAL</KEYWORD1>
            <KEYWORD1>FIND-NEXT-OCCURRENCE</KEYWORD1>
            <KEYWORD1>FIND-PREV-OCCURRENCE</KEYWORD1>
            <KEYWORD1>FIND-SELECT</KEYWORD1>
            <KEYWORD1>FIND-WRAP-AROUND</KEYWORD1>
            <KEYWORD1>FOCUS</KEYWORD1>
            <KEYWORD1>FONT</KEYWORD1>
            <KEYWORD1>FONT-TABLE</KEYWORD1>
            <KEYWORD1>FOR</KEYWORD1>
            <KEYWORD1>FORM</KEYWORD1>
            <KEYWORD1>FORMAT</KEYWORD1>
            <KEYWORD1>FRAME</KEYWORD1>
            <KEYWORD1>FRAME-VALUE</KEYWORD1>
            <KEYWORD1>FROM</KEYWORD1>
            <KEYWORD1>FROM-CHARS</KEYWORD1>
            <KEYWORD1>FROM-PIXELS</KEYWORD1>
            <KEYWORD1>FUNCT</KEYWORD1>
            <KEYWORD1>FUNCTION</KEYWORD1>
            <KEYWORD1>GET</KEYWORD1>
            <KEYWORD1>GET-FILE</KEYWORD1>
            <KEYWORD1>GET-KEY-VALUE</KEYWORD1>
            <KEYWORD1>GLOBAL</KEYWORD1>
            <KEYWORD1>GO-ON</KEYWORD1>
            <KEYWORD1>HANDLE</KEYWORD1>
            <KEYWORD1>HIDE</KEYWORD1>
            <KEYWORD1>IF</KEYWORD1>
            <KEYWORD1>IMAGE</KEYWORD1>
            <KEYWORD1>IMPORT</KEYWORD1>
            <KEYWORD1>IN</KEYWORD1>
            <KEYWORD1>INDEX-FIELD</KEYWORD1>
            <KEYWORD1>INIT</KEYWORD1>
            <KEYWORD1>INITIAL</KEYWORD1>
            <KEYWORD1>INITIATE</KEYWORD1>
            <KEYWORD1>INPUT</KEYWORD1>
            <KEYWORD1>INPUT</KEYWORD1>
            <KEYWORD1>INPUT-OUTPUT</KEYWORD1>
            <KEYWORD1>INSERT</KEYWORD1>
            <KEYWORD1>INT</KEYWORD1>
            <KEYWORD1>INTEGER</KEYWORD1>
            <KEYWORD1>JOIN</KEYWORD1>
            <KEYWORD1>KEEP-MESSAGES</KEYWORD1>
            <KEYWORD1>KEEP-TAB-ORDER</KEYWORD1>
            <KEYWORD1>KEY-CODE</KEYWORD1>
            <KEYWORD1>KEY-FUNCTION</KEYWORD1>
            <KEYWORD1>KEY-LABEL</KEYWORD1>
            <KEYWORD1>LAST-EVENT</KEYWORD1>
            <KEYWORD1>LAST-KEY</KEYWORD1>
            <KEYWORD1>LEAVE</KEYWORD1>
            <KEYWORD1>LENGTH</KEYWORD1>
            <KEYWORD1>LIKE</KEYWORD1>
            <KEYWORD1>LITERAL</KEYWORD1>
            <KEYWORD1>LOAD</KEYWORD1>
            <KEYWORD1>LOAD-CONTROL</KEYWORD1>
            <KEYWORD1>LOG</KEYWORD1>
            <KEYWORD1>LOGICAL</KEYWORD1>
            <KEYWORD1>MACHINE-CLASS</KEYWORD1>
            <KEYWORD1>MANDATORY</KEYWORD1>
            <KEYWORD1>MAP</KEYWORD1>
            <KEYWORD1>MEMPTR</KEYWORD1>
            <KEYWORD1>MENU</KEYWORD1>
            <KEYWORD1>MENU-ITEM</KEYWORD1>
            <KEYWORD1>MESSAGE</KEYWORD1>
            <KEYWORD1>MOUSE</KEYWORD1>
            <KEYWORD1>NEXT</KEYWORD1>
            <KEYWORD1>NEXT-PROMPT</KEYWORD1>
            <KEYWORD1>NO-APPLY</KEYWORD1>
            <KEYWORD1>NO-ATTR</KEYWORD1>
            <KEYWORD1>NO-ATTR-SPACE</KEYWORD1>
            <KEYWORD1>NO-BOX</KEYWORD1>
            <KEYWORD1>NO-CONVERT</KEYWORD1>
            <KEYWORD1>NO-ECHO</KEYWORD1>
            <KEYWORD1>NO-ERROR</KEYWORD1>
            <KEYWORD1>NO-FILL</KEYWORD1>
            <KEYWORD1>NO-HELP</KEYWORD1>
            <KEYWORD1>NO-HIDE</KEYWORD1>
            <KEYWORD1>NO-LABEL</KEYWORD1>
            <KEYWORD1>NO-LABELS</KEYWORD1>
            <KEYWORD1>NO-LOCK</KEYWORD1>
            <KEYWORD1>NO-MAP</KEYWORD1>
            <KEYWORD1>NO-PAUSE</KEYWORD1>
            <KEYWORD1>NO-PREFETCH</KEYWORD1>
            <KEYWORD1>NO-UNDERLINE</KEYWORD1>
            <KEYWORD1>NO-UNDO</KEYWORD1>
            <KEYWORD1>NO-VALIDATE</KEYWORD1>
            <KEYWORD1>NO-WAIT</KEYWORD1>
            <KEYWORD1>OBJECT</KEYWORD1>
            <KEYWORD1>OF</KEYWORD1>
            <KEYWORD1>OLD</KEYWORD1>
            <KEYWORD1>ON</KEYWORD1>
            <KEYWORD1>OPEN</KEYWORD1>
            <KEYWORD1>ORDINAL</KEYWORD1>
            <KEYWORD1>OS-APPEND</KEYWORD1>
            <KEYWORD1>OS-COMMAND</KEYWORD1>
            <KEYWORD1>OS-COPY</KEYWORD1>
            <KEYWORD1>OS-CREATE-DIR</KEYWORD1>
            <KEYWORD1>OS-DELETE</KEYWORD1>
            <KEYWORD1>OS-DIR</KEYWORD1>
            <KEYWORD1>OS-RENAME</KEYWORD1>
            <KEYWORD1>OS400</KEYWORD1>
            <KEYWORD1>OTHERWISE</KEYWORD1>
            <KEYWORD1>OUTPUT</KEYWORD1>
            <KEYWORD1>OVERLAY</KEYWORD1>
            <KEYWORD1>PAGE</KEYWORD1>
            <KEYWORD1>PAGE-SIZE</KEYWORD1>
            <KEYWORD1>PAGED</KEYWORD1>
            <KEYWORD1>PARAMETER</KEYWORD1>
            <KEYWORD1>PASCAL</KEYWORD1>
            <KEYWORD1>PAUSE</KEYWORD1>
            <KEYWORD1>PERSISTENT</KEYWORD1>
            <KEYWORD1>PIXELS</KEYWORD1>
            <KEYWORD1>PREPROCESS</KEYWORD1>
            <KEYWORD1>PRESELECT</KEYWORD1>
            <KEYWORD1>PRIMARY</KEYWORD1>
            <KEYWORD1>PRINTER-SETUP</KEYWORD1>
            <KEYWORD1>PRINTER</KEYWORD1>
            <KEYWORD1>PRIVATE</KEYWORD1>
            <KEYWORD1>PROCEDURE</KEYWORD1>
            <KEYWORD1>PROCESS</KEYWORD1>
            <KEYWORD1>PROC-STATUS</KEYWORD1>
            <KEYWORD1>PROGRAM-NAME</KEYWORD1>
            <KEYWORD1>PROMPT</KEYWORD1>
            <KEYWORD1>PROMPT-FOR</KEYWORD1>
            <KEYWORD1>PROMSGS</KEYWORD1>
            <KEYWORD1>PROPATH</KEYWORD1>
            <KEYWORD1>PUBLISH</KEYWORD1>
            <KEYWORD1>PUT</KEYWORD1>
            <KEYWORD1>PUT-BYTE</KEYWORD1>
            <KEYWORD1>PUT-DOUBLE</KEYWORD1>
            <KEYWORD1>PUT-FLOAT</KEYWORD1>
            <KEYWORD1>PUT-KEY-VALUE</KEYWORD1>
            <KEYWORD1>PUT-LONG</KEYWORD1>
            <KEYWORD1>PUT-SHORT</KEYWORD1>
            <KEYWORD1>PUT-STRING</KEYWORD1>
            <KEYWORD1>QUERY</KEYWORD1>
            <KEYWORD1>QUERY-TUNING</KEYWORD1>
            <KEYWORD1>QUIT</KEYWORD1>
            <KEYWORD1>RADIO-SET</KEYWORD1>
            <KEYWORD1>RAW</KEYWORD1>
            <KEYWORD1>RAW-TRANSFER</KEYWORD1>
            <KEYWORD1>RCODE-INFO</KEYWORD1>
            <KEYWORD1>READKEY</KEYWORD1>
            <KEYWORD1>RECID</KEYWORD1>
            <KEYWORD1>RECTANGLE</KEYWORD1>
            <KEYWORD1>RELEASE</KEYWORD1>
            <KEYWORD1>RENAME</KEYWORD1>
            <KEYWORD1>REPEAT</KEYWORD1>
            <KEYWORD1>REPOSITION</KEYWORD1>
            <KEYWORD1>REQUEST</KEYWORD1>
            <KEYWORD1>RETURN</KEYWORD1>
            <KEYWORD1>REVERT</KEYWORD1>
            <KEYWORD1>ROW</KEYWORD1>
            <KEYWORD1>ROWID</KEYWORD1>
            <KEYWORD1>RUN</KEYWORD1>
            <KEYWORD1>RUN-PROCEDURE</KEYWORD1>
            <KEYWORD1>SAVE</KEYWORD1>
            <KEYWORD1>SCREEN</KEYWORD1>
            <KEYWORD1>SCREEN-IO</KEYWORD1>
            <KEYWORD1>SCROLL</KEYWORD1>
            <KEYWORD1>SCROLLING</KEYWORD1>
            <KEYWORD1>SEEK</KEYWORD1>
            <KEYWORD1>SELECTION-LIST</KEYWORD1>
            <KEYWORD1>SELF</KEYWORD1>
            <KEYWORD1>SEND</KEYWORD1>
            <KEYWORD1>SERVER</KEYWORD1>
            <KEYWORD1>SESSION</KEYWORD1>
            <KEYWORD1>SET</KEYWORD1>
            <KEYWORD1>SET-POINTER-VALUE</KEYWORD1>
            <KEYWORD1>SET-SIZE</KEYWORD1>
            <KEYWORD1>SHARE</KEYWORD1>
            <KEYWORD1>SHARE-LOCK</KEYWORD1>
            <KEYWORD1>SHARED</KEYWORD1>
            <KEYWORD1>SHOW-STATS</KEYWORD1>
            <KEYWORD1>SILENT</KEYWORD1>
            <KEYWORD1>SIZE</KEYWORD1>
            <KEYWORD1>SLIDER</KEYWORD1>
            <KEYWORD1>SOURCE-PROCEDURE</KEYWORD1>
            <KEYWORD1>SRC</KEYWORD1>
            <KEYWORD1>STATUS</KEYWORD1>
            <KEYWORD1>STDCALL</KEYWORD1>
            <KEYWORD1>STOP</KEYWORD1>
            <KEYWORD1>STORED-PROCEDURE</KEYWORD1>
            <KEYWORD1>STREAM</KEYWORD1>
            <KEYWORD1>STREAM-IO</KEYWORD1>
            <KEYWORD1>STRING-XREF</KEYWORD1>
            <KEYWORD1>SUB-MENU</KEYWORD1>
            <KEYWORD1>SUBSCRIBE</KEYWORD1>
            <KEYWORD1>SUBSTRING</KEYWORD1>
            <KEYWORD1>SUPER</KEYWORD1>
            <KEYWORD1>SYSTEM-DIALOG</KEYWORD1>
            <KEYWORD1>SYSTEM-HELP</KEYWORD1>
            <KEYWORD1>TABLE</KEYWORD1>
            <KEYWORD1>TARGET</KEYWORD1>
            <KEYWORD1>TARGET-PROCEDURE</KEYWORD1>
            <KEYWORD1>TEMP-TABLE</KEYWORD1>
            <KEYWORD1>TERM</KEYWORD1>
            <KEYWORD1>TERMINAL</KEYWORD1>
            <KEYWORD1>TERMINATE</KEYWORD1>
            <KEYWORD1>TEXT</KEYWORD1>
            <KEYWORD1>TEXT-CURSOR</KEYWORD1>
            <KEYWORD1>TEXT-SEG-GROWTH</KEYWORD1>
            <KEYWORD1>THEN</KEYWORD1>
            <KEYWORD1>THIS-PROCEDURE</KEYWORD1>
            <KEYWORD1>THROUGH</KEYWORD1>
            <KEYWORD1>THRU</KEYWORD1>
            <KEYWORD1>TO</KEYWORD1>
            <KEYWORD1>TOGGLE-BOX</KEYWORD1>
            <KEYWORD1>TRANS</KEYWORD1>
            <KEYWORD1>TRIGGER</KEYWORD1>
            <KEYWORD1>TRIGGER</KEYWORD1>
            <KEYWORD1>TRIGGERS</KEYWORD1>
            <KEYWORD1>UNBUFFERED</KEYWORD1>
            <KEYWORD1>UNDERLINE</KEYWORD1>
            <KEYWORD1>UNDO</KEYWORD1>
            <KEYWORD1>UNFORMATTED</KEYWORD1>
            <KEYWORD1>UNIQUE</KEYWORD1>
            <KEYWORD1>UNIX</KEYWORD1>
            <KEYWORD1>UNLESS-HIDDEN</KEYWORD1>
            <KEYWORD1>UNLOAD</KEYWORD1>
            <KEYWORD1>UP</KEYWORD1>
            <KEYWORD1>UPDATE</KEYWORD1>
            <KEYWORD1>USE</KEYWORD1>
            <KEYWORD1>USE-REVVIDE</KEYWORD1>
            <KEYWORD1>USE-REVVIDEO</KEYWORD1>
            <KEYWORD1>USE-UNDERLINE</KEYWORD1>
            <KEYWORD1>V6FRAME</KEYWORD1>
            <KEYWORD1>VALIDATE</KEYWORD1>
            <KEYWORD1>VALUE</KEYWORD1>
            <KEYWORD1>VAR</KEYWORD1>
            <KEYWORD1>VARIABLE</KEYWORD1>
            <KEYWORD1>VIEW</KEYWORD1>
            <KEYWORD1>VIEW-AS</KEYWORD1>
            <KEYWORD1>WAIT-FOR</KEYWORD1>
            <KEYWORD1>WEB-CONTEXT</KEYWORD1>
            <KEYWORD1>WHEN</KEYWORD1>
            <KEYWORD1>WHERE</KEYWORD1>
            <KEYWORD1>WHILE</KEYWORD1>
            <KEYWORD1>WIDGET</KEYWORD1>
            <KEYWORD1>WIDGET-HANDLE</KEYWORD1>
            <KEYWORD1>WIDGET-POOL</KEYWORD1>
            <KEYWORD1>WINDOW</KEYWORD1>
            <KEYWORD1>WINDOW-CLOSE</KEYWORD1>
            <KEYWORD1>WINDOW-MAXIMIZED</KEYWORD1>
            <KEYWORD1>WINDOW-MINIMIZED</KEYWORD1>
            <KEYWORD1>WINDOW-NORMAL</KEYWORD1>
            <KEYWORD1>WITH</KEYWORD1>
            <KEYWORD1>WORK-TABLE</KEYWORD1>
            <KEYWORD1>WORKFILE</KEYWORD1>
            <KEYWORD1>WRITE</KEYWORD1>

          <!-- Progress Attributes & Properties. -->
            <KEYWORD2>ACCELERATOR</KEYWORD2>
            <KEYWORD2>ADM-DATA</KEYWORD2>
            <KEYWORD2>APPL-ALERT-BOXES</KEYWORD2>
            <KEYWORD2>ATTR-SPACE</KEYWORD2>
            <KEYWORD2>AUTO-END-KEY</KEYWORD2>
            <KEYWORD2>AUTO-GO</KEYWORD2>
            <KEYWORD2>AUTO-INDENT</KEYWORD2>
            <KEYWORD2>AUTO-RESIZE</KEYWORD2>
            <KEYWORD2>AUTO-RETURN</KEYWORD2>
            <KEYWORD2>AUTO-ZAP</KEYWORD2>
            <KEYWORD2>AVAILABLE-FORMATS</KEYWORD2>
            <KEYWORD2>BACKGROUND</KEYWORD2>
            <KEYWORD2>BATCH-MODE</KEYWORD2>
            <KEYWORD2>BGCOLOR</KEYWORD2>
            <KEYWORD2>BLANK</KEYWORD2>
            <KEYWORD2>BLOCK-ITERATION-DISPLAY</KEYWORD2>
            <KEYWORD2>BORDER-BOTTOM-CHARS</KEYWORD2>
            <KEYWORD2>BORDER-BOTTOM-PIXELS</KEYWORD2>
            <KEYWORD2>BORDER-LEFT-CHARS</KEYWORD2>
            <KEYWORD2>BORDER-LEFT-PIXELS</KEYWORD2>
            <KEYWORD2>BORDER-RIGHT-CHARS</KEYWORD2>
            <KEYWORD2>BORDER-RIGHT-PIXELS</KEYWORD2>
            <KEYWORD2>BORDER-TOP-CHARS</KEYWORD2>
            <KEYWORD2>BORDER-TOP-PIXELS</KEYWORD2>
            <KEYWORD2>BOX</KEYWORD2>
            <KEYWORD2>BOX-SELECTABLE</KEYWORD2>
            <KEYWORD2>BUFFER-CHARS</KEYWORD2>
            <KEYWORD2>BUFFER-LINES</KEYWORD2>
            <KEYWORD2>CANCEL-BUTTON</KEYWORD2>
            <KEYWORD2>CENTERED</KEYWORD2>
            <KEYWORD2>CHARSET</KEYWORD2>
            <KEYWORD2>CHECKED</KEYWORD2>
            <KEYWORD2>CODE</KEYWORD2>
            <KEYWORD2>CODEPAGE</KEYWORD2>
            <KEYWORD2>COLUMN</KEYWORD2>
            <KEYWORD2>COLUMN-BGCOLOR</KEYWORD2>
            <KEYWORD2>COLUMN-DCOLOR</KEYWORD2>
            <KEYWORD2>COLUMN-FGCOLOR</KEYWORD2>
            <KEYWORD2>COLUMN-FONT</KEYWORD2>
            <KEYWORD2>COLUMN-PFCOLOR</KEYWORD2>
            <KEYWORD2>COLUMN-SCROLLING</KEYWORD2>
            <KEYWORD2>COM-HANDLE</KEYWORD2>
            <KEYWORD2>COMPONENT-HANDLE</KEYWORD2>
            <KEYWORD2>CONVERT-3D-COLORS</KEYWORD2>
            <KEYWORD2>CPCASE</KEYWORD2>
            <KEYWORD2>CPCOLL</KEYWORD2>
            <KEYWORD2>CPINTERNAL</KEYWORD2>
            <KEYWORD2>CPLOG</KEYWORD2>
            <KEYWORD2>CPPRINT</KEYWORD2>
            <KEYWORD2>CPRCODEIN</KEYWORD2>
            <KEYWORD2>CPRCODEOUT</KEYWORD2>
            <KEYWORD2>CPSTREAM</KEYWORD2>
            <KEYWORD2>CPTERM</KEYWORD2>
            <KEYWORD2>CRC-VALUE</KEYWORD2>
            <KEYWORD2>CURRENT-COLUMN</KEYWORD2>
            <KEYWORD2>CURRENT-ITERATION</KEYWORD2>
            <KEYWORD2>CURRENT-ROW-MODIFIED</KEYWORD2>
            <KEYWORD2>CURRENT-WINDOW</KEYWORD2>
            <KEYWORD2>CURSOR-CHAR</KEYWORD2>
            <KEYWORD2>CURSOR-LINE</KEYWORD2>
            <KEYWORD2>CURSOR-OFFSET</KEYWORD2>
            <KEYWORD2>DATA-ENTRY-RETURN</KEYWORD2>
            <KEYWORD2>DATA-TYPE</KEYWORD2>
            <KEYWORD2>DATE-FORMAT</KEYWORD2>
            <KEYWORD2>DB-REFERENCES</KEYWORD2>
            <KEYWORD2>DBNAME</KEYWORD2>
            <KEYWORD2>DCOLOR</KEYWORD2>
            <KEYWORD2>DDE-ERROR</KEYWORD2>
            <KEYWORD2>DDE-ID</KEYWORD2>
            <KEYWORD2>DDE-ITEM</KEYWORD2>
            <KEYWORD2>DDE-NAME</KEYWORD2>
            <KEYWORD2>DDE-TOPIC</KEYWORD2>
            <KEYWORD2>DEBLANK</KEYWORD2>
            <KEYWORD2>DEFAULT</KEYWORD2>
            <KEYWORD2>DEFAULT-BUTTON</KEYWORD2>
            <KEYWORD2>DELIMITER</KEYWORD2>
            <KEYWORD2>DISPLAY-TYPE</KEYWORD2>
            <KEYWORD2>DOWN</KEYWORD2>
            <KEYWORD2>DRAG-ENABLED</KEYWORD2>
            <KEYWORD2>DYNAMIC</KEYWORD2>
            <KEYWORD2>EDGE-CHARS</KEYWORD2>
            <KEYWORD2>EDGE-PIXELS</KEYWORD2>
            <KEYWORD2>EDIT-CAN-UNDO</KEYWORD2>
            <KEYWORD2>EMPTY</KEYWORD2>
            <KEYWORD2>ERROR</KEYWORD2>
            <KEYWORD2>ERROR-COLUMN</KEYWORD2>
            <KEYWORD2>ERROR-ROW</KEYWORD2>
            <KEYWORD2>EVENT-TYPE</KEYWORD2>
            <KEYWORD2>EXPAND</KEYWORD2>
            <KEYWORD2>FGCOLOR</KEYWORD2>
            <KEYWORD2>FILE-NAME</KEYWORD2>
            <KEYWORD2>FILE-OFFSET</KEYWORD2>
            <KEYWORD2>FILE-TYPE</KEYWORD2>
            <KEYWORD2>FILLED</KEYWORD2>
            <KEYWORD2>FIRST-CHILD</KEYWORD2>
            <KEYWORD2>FIRST-COLUMN</KEYWORD2>
            <KEYWORD2>FIRST-PROCEDURE</KEYWORD2>
            <KEYWORD2>FIRST-SERVER</KEYWORD2>
            <KEYWORD2>FIRST-TAB-ITEM</KEYWORD2>
            <KEYWORD2>FOCUSED-ROW</KEYWORD2>
            <KEYWORD2>FONT</KEYWORD2>
            <KEYWORD2>FOREGROUND</KEYWORD2>
            <KEYWORD2>FORMAT</KEYWORD2>
            <KEYWORD2>FRAME</KEYWORD2>
            <KEYWORD2>FRAME-COL</KEYWORD2>
            <KEYWORD2>FRAME-NAME</KEYWORD2>
            <KEYWORD2>FRAME-ROW</KEYWORD2>
            <KEYWORD2>FRAME-SPACING</KEYWORD2>
            <KEYWORD2>FRAME-X</KEYWORD2>
            <KEYWORD2>FRAME-Y</KEYWORD2>
            <KEYWORD2>FREQUENCY</KEYWORD2>
            <KEYWORD2>FULL-HEIGHT-CHARS</KEYWORD2>
            <KEYWORD2>FULL-HEIGHT-PIXELS</KEYWORD2>
            <KEYWORD2>FULL-PATHNAME</KEYWORD2>
            <KEYWORD2>FULL-WIDTH-CHARS</KEYWORD2>
            <KEYWORD2>FULL-WIDTH-PIXELS</KEYWORD2>
            <KEYWORD2>FUNCTION</KEYWORD2>
            <KEYWORD2>GRAPHIC-EDGE</KEYWORD2>
            <KEYWORD2>GRID-FACTOR-HORIZONTAL</KEYWORD2>
            <KEYWORD2>GRID-FACTOR-VERTICAL</KEYWORD2>
            <KEYWORD2>GRID-SNAP</KEYWORD2>
            <KEYWORD2>GRID-UNIT-HEIGHT-CHARS</KEYWORD2>
            <KEYWORD2>GRID-UNIT-HEIGHT-PIXELS</KEYWORD2>
            <KEYWORD2>GRID-UNIT-WIDTH-CHARS</KEYWORD2>
            <KEYWORD2>GRID-UNIT-WIDTH-PIXELS</KEYWORD2>
            <KEYWORD2>GRID-VISIBLE</KEYWORD2>
            <KEYWORD2>HANDLE</KEYWORD2>
            <KEYWORD2>HEIGHT</KEYWORD2>
            <KEYWORD2>HEIGHT-CHARS</KEYWORD2>
            <KEYWORD2>HEIGHT-PIXELS</KEYWORD2>
            <KEYWORD2>HELP</KEYWORD2>
            <KEYWORD2>HIDDEN</KEYWORD2>
            <KEYWORD2>HORIZONTAL</KEYWORD2>
            <KEYWORD2>HWND</KEYWORD2>
            <KEYWORD2>IMMEDIATE-DISPLAY</KEYWORD2>
            <KEYWORD2>INDEX</KEYWORD2>
            <KEYWORD2>INNER-CHARS</KEYWORD2>
            <KEYWORD2>INNER-LINES</KEYWORD2>
            <KEYWORD2>INTERNAL-ENTRIES</KEYWORD2>
            <KEYWORD2>ITEMS-PER-ROW</KEYWORD2>
            <KEYWORD2>KEEP-FRAME-Z-ORDER</KEYWORD2>
            <KEYWORD2>LABEL</KEYWORD2>
            <KEYWORD2>LABEL-BGCOLOR</KEYWORD2>
            <KEYWORD2>LABEL-DCOLOR</KEYWORD2>
            <KEYWORD2>LABEL-FGCOLOR</KEYWORD2>
            <KEYWORD2>LABEL-FONT</KEYWORD2>
            <KEYWORD2>LABELS</KEYWORD2>
            <KEYWORD2>LANGUAGES</KEYWORD2>
            <KEYWORD2>LARGE</KEYWORD2>
            <KEYWORD2>LARGE-TO-SMALL</KEYWORD2>
            <KEYWORD2>LAST-CHILD</KEYWORD2>
            <KEYWORD2>LAST-PROCEDURE</KEYWORD2>
            <KEYWORD2>LAST-SERVER</KEYWORD2>
            <KEYWORD2>LAST-TAB-ITEM</KEYWORD2>
            <KEYWORD2>LEFT</KEYWORD2>
            <KEYWORD2>LENGTH</KEYWORD2>
            <KEYWORD2>LINE</KEYWORD2>
            <KEYWORD2>LIST-ITEMS</KEYWORD2>
            <KEYWORD2>LOG-ID</KEYWORD2>
            <KEYWORD2>MANUAL-HIGHLIGHT</KEYWORD2>
            <KEYWORD2>MAX-CHARS</KEYWORD2>
            <KEYWORD2>MAX-DATA-GUESS</KEYWORD2>
            <KEYWORD2>MAX-HEIGHT</KEYWORD2>
            <KEYWORD2>MAX-HEIGHT-CHARS</KEYWORD2>
            <KEYWORD2>MAX-HEIGHT-PIXELS</KEYWORD2>
            <KEYWORD2>MAX-VALUE</KEYWORD2>
            <KEYWORD2>MAX-WIDTH</KEYWORD2>
            <KEYWORD2>MAX-WIDTH-CHARS</KEYWORD2>
            <KEYWORD2>MAX-WIDTH-PIXELS</KEYWORD2>
            <KEYWORD2>MENU-BAR</KEYWORD2>
            <KEYWORD2>MENU-KEY</KEYWORD2>
            <KEYWORD2>MENU-MOUSE</KEYWORD2>
            <KEYWORD2>MESSAGE-AREA</KEYWORD2>
            <KEYWORD2>MESSAGE-AREA-FONT</KEYWORD2>
            <KEYWORD2>MIN-HEIGHT-CHARS</KEYWORD2>
            <KEYWORD2>MIN-HEIGHT-PIXELS</KEYWORD2>
            <KEYWORD2>MIN-VALUE</KEYWORD2>
            <KEYWORD2>MIN-WIDTH-CHARS</KEYWORD2>
            <KEYWORD2>MIN-WIDTH-PIXELS</KEYWORD2>
            <KEYWORD2>MODIFIED</KEYWORD2>
            <KEYWORD2>MOVABLE</KEYWORD2>
            <KEYWORD2>MULTIPLE</KEYWORD2>
            <KEYWORD2>MULTITASKING-INTERVAL</KEYWORD2>
            <KEYWORD2>NAME</KEYWORD2>
            <KEYWORD2>NEW-ROW</KEYWORD2>
            <KEYWORD2>NEXT-COLUMN</KEYWORD2>
            <KEYWORD2>NEXT-SIBLING</KEYWORD2>
            <KEYWORD2>NEXT-TAB-ITEM</KEYWORD2>
            <KEYWORD2>NO-CURRENT-VALUE</KEYWORD2>
            <KEYWORD2>NO-FOCUS</KEYWORD2>
            <KEYWORD2>NUM-BUTTONS</KEYWORD2>
            <KEYWORD2>NUM-COLUMNS</KEYWORD2>
            <KEYWORD2>NUM-ENTRIES</KEYWORD2>
            <KEYWORD2>NUM-FORMATS</KEYWORD2>
            <KEYWORD2>NUM-ITEMS</KEYWORD2>
            <KEYWORD2>NUM-ITERATIONS</KEYWORD2>
            <KEYWORD2>NUM-LINES</KEYWORD2>
            <KEYWORD2>NUM-LOCKED-COLUMNS</KEYWORD2>
            <KEYWORD2>NUM-MESSAGES</KEYWORD2>
            <KEYWORD2>NUM-SELECTED-ROWS</KEYWORD2>
            <KEYWORD2>NUM-SELECTED-WIDGETS</KEYWORD2>
            <KEYWORD2>NUM-TABS</KEYWORD2>
            <KEYWORD2>NUM-TO-RETAIN</KEYWORD2>
            <KEYWORD2>NUMERIC-FORMAT</KEYWORD2>
            <KEYWORD2>ON-FRAME-BORDER</KEYWORD2>
            <KEYWORD2>OVERLAY</KEYWORD2>
            <KEYWORD2>OWNER</KEYWORD2>
            <KEYWORD2>PAGE-BOTTOM</KEYWORD2>
            <KEYWORD2>PAGE-TOP</KEYWORD2>
            <KEYWORD2>PARAMETER</KEYWORD2>
            <KEYWORD2>PARENT</KEYWORD2>
            <KEYWORD2>PATHNAME</KEYWORD2>
            <KEYWORD2>PERSISTENT</KEYWORD2>
            <KEYWORD2>PFCOLOR</KEYWORD2>
            <KEYWORD2>PIXELS-PER-COLUMN</KEYWORD2>
            <KEYWORD2>PIXELS-PER-ROW</KEYWORD2>
            <KEYWORD2>POPUP-MENU</KEYWORD2>
            <KEYWORD2>POPUP-ONLY</KEYWORD2>
            <KEYWORD2>PREV-COLUMN</KEYWORD2>
            <KEYWORD2>PREV-SIBLING</KEYWORD2>
            <KEYWORD2>PREV-TAB-ITEM</KEYWORD2>
            <KEYWORD2>PRINTER-CONTROL-HANDLE</KEYWORD2>
            <KEYWORD2>PRINTER-NAME</KEYWORD2>
            <KEYWORD2>PRINTER-PORT</KEYWORD2>
            <KEYWORD2>PRIVATE-DATA</KEYWORD2>
            <KEYWORD2>PROGRESS-SOURCE</KEYWORD2>
            <KEYWORD2>PROXY</KEYWORD2>
            <KEYWORD2>RADIO-BUTTONS</KEYWORD2>
            <KEYWORD2>RCODE-INFORMATION</KEYWORD2>
            <KEYWORD2>READ-ONLY</KEYWORD2>
            <KEYWORD2>REFRESHABLE</KEYWORD2>
            <KEYWORD2>REMOTE</KEYWORD2>
            <KEYWORD2>RESIZABLE</KEYWORD2>
            <KEYWORD2>RESIZE</KEYWORD2>
            <KEYWORD2>RETURN-INSERTED</KEYWORD2>
            <KEYWORD2>ROW</KEYWORD2>
            <KEYWORD2>ROW-MARKERS</KEYWORD2>
            <KEYWORD2>SCREEN-LINES</KEYWORD2>
            <KEYWORD2>SCREEN-VALUE</KEYWORD2>
            <KEYWORD2>SCROLL-BARS</KEYWORD2>
            <KEYWORD2>SCROLLABLE</KEYWORD2>
            <KEYWORD2>SCROLLBAR-HORIZONTAL</KEYWORD2>
            <KEYWORD2>SCROLLBAR-VERTICAL</KEYWORD2>
            <KEYWORD2>SELECTABLE</KEYWORD2>
            <KEYWORD2>SELECTED</KEYWORD2>
            <KEYWORD2>SELECTION-END</KEYWORD2>
            <KEYWORD2>SELECTION-START</KEYWORD2>
            <KEYWORD2>SELECTION-TEXT</KEYWORD2>
            <KEYWORD2>SENSITIVE</KEYWORD2>
            <KEYWORD2>SEPARATORS</KEYWORD2>
            <KEYWORD2>SERVER</KEYWORD2>
            <KEYWORD2>SIDE-LABEL-HANDLE</KEYWORD2>
            <KEYWORD2>SIDE-LABELS</KEYWORD2>
            <KEYWORD2>SORT</KEYWORD2>
            <KEYWORD2>STATUS-AREA</KEYWORD2>
            <KEYWORD2>STATUS-AREA-FONT</KEYWORD2>
            <KEYWORD2>STOPPED</KEYWORD2>
            <KEYWORD2>STREAM</KEYWORD2>
            <KEYWORD2>SUBTYPE</KEYWORD2>
            <KEYWORD2>SUPPRESS-WARNINGS</KEYWORD2>
            <KEYWORD2>SYSTEM-ALERT-BOXES</KEYWORD2>
            <KEYWORD2>TAB-POSITION</KEYWORD2>
            <KEYWORD2>TABLE</KEYWORD2>
            <KEYWORD2>TEMP-DIRECTORY</KEYWORD2>
            <KEYWORD2>TEXT-SELECTED</KEYWORD2>
            <KEYWORD2>THREE-D</KEYWORD2>
            <KEYWORD2>TIC-MARKS</KEYWORD2>
            <KEYWORD2>TIME-SOURCE</KEYWORD2>
            <KEYWORD2>TITLE</KEYWORD2>
            <KEYWORD2>TITLE-BGCOLOR</KEYWORD2>
            <KEYWORD2>TITLE-DCOLOR</KEYWORD2>
            <KEYWORD2>TITLE-FGCOLOR</KEYWORD2>
            <KEYWORD2>TITLE-FONT</KEYWORD2>
            <KEYWORD2>TOGGLE-BOX</KEYWORD2>
            <KEYWORD2>TOOLTIP</KEYWORD2>
            <KEYWORD2>TOOLTIPS</KEYWORD2>
            <KEYWORD2>TOP</KEYWORD2>
            <KEYWORD2>TOP-ONLY</KEYWORD2>
            <KEYWORD2>TYPE</KEYWORD2>
            <KEYWORD2>UNIQUE-ID</KEYWORD2>
            <KEYWORD2>V6DISPLAY</KEYWORD2>
            <KEYWORD2>VALUE</KEYWORD2>
            <KEYWORD2>VIRTUAL-HEIGHT</KEYWORD2>
            <KEYWORD2>VIRTUAL-HEIGHT-CHARS</KEYWORD2>
            <KEYWORD2>VIRTUAL-HEIGHT-PIXELS</KEYWORD2>
            <KEYWORD2>VIRTUAL-WIDTH</KEYWORD2>
            <KEYWORD2>VIRTUAL-WIDTH-CHARS</KEYWORD2>
            <KEYWORD2>VIRTUAL-WIDTH-PIXELS</KEYWORD2>
            <KEYWORD2>VISIBLE</KEYWORD2>
            <KEYWORD2>WARNING</KEYWORD2>
            <KEYWORD2>WIDGET-ENTER</KEYWORD2>
            <KEYWORD2>Widget-Handle</KEYWORD2>
            <KEYWORD2>WIDGET-LEAVE</KEYWORD2>
            <KEYWORD2>Width</KEYWORD2>
            <KEYWORD2>WIDTH-CHARS</KEYWORD2>
            <KEYWORD2>WIDTH-PIXELS</KEYWORD2>
            <KEYWORD2>WINDOW</KEYWORD2>
            <KEYWORD2>WINDOW-STATE</KEYWORD2>
            <KEYWORD2>WINDOW-SYSTEM</KEYWORD2>
            <KEYWORD2>WORD-WRAP</KEYWORD2>
            <KEYWORD2>YEAR-OFFSET</KEYWORD2>

		    <!-- Progress Methods. -->
            <KEYWORD3>ADD-EVENTS-PROCEDURE</KEYWORD3>
            <KEYWORD3>ADD-FIRST</KEYWORD3>
            <KEYWORD3>ADD-LAST</KEYWORD3>
            <KEYWORD3>CANCEL-BREAK</KEYWORD3>
            <KEYWORD3>CLEAR</KEYWORD3>
            <KEYWORD3>CLEAR-SELECTION</KEYWORD3>
            <KEYWORD3>CONNECT</KEYWORD3>
            <KEYWORD3>CONNECTED</KEYWORD3>
            <KEYWORD3>CONVERT-TO-OFFSET</KEYWORD3>
            <KEYWORD3>CREATE-RESULT-LIST-ENTRY</KEYWORD3>
            <KEYWORD3>DEBUG</KEYWORD3>
            <KEYWORD3>DELETE</KEYWORD3>
            <KEYWORD3>DELETE-CHAR</KEYWORD3>
            <KEYWORD3>DELETE-CURRENT-ROW</KEYWORD3>
            <KEYWORD3>DELETE-LINE</KEYWORD3>
            <KEYWORD3>DELETE-SELECTED-ROW</KEYWORD3>
            <KEYWORD3>DELETE-SELECTED-ROWS</KEYWORD3>
            <KEYWORD3>DESELECT-FOCUSED-ROW</KEYWORD3>
            <KEYWORD3>DESELECT-ROWS</KEYWORD3>
            <KEYWORD3>DESELECT-SELECTED-ROW</KEYWORD3>
            <KEYWORD3>DISABLE</KEYWORD3>
            <KEYWORD3>DISCONNECT</KEYWORD3>
            <KEYWORD3>DISPLAY-MESSAGE</KEYWORD3>
            <KEYWORD3>EDIT-UNDO</KEYWORD3>
            <KEYWORD3>ENABLE</KEYWORD3>
            <KEYWORD3>ENTRY</KEYWORD3>
            <KEYWORD3>EXPORT</KEYWORD3>
            <KEYWORD3>FETCH-SELECTED-ROW</KEYWORD3>
            <KEYWORD3>GET-BLUE-VALUE</KEYWORD3>
            <KEYWORD3>GET-DYNAMIC</KEYWORD3>
            <KEYWORD3>GET-GREEN-VALUE</KEYWORD3>
            <KEYWORD3>GET-ITERATION</KEYWORD3>
            <KEYWORD3>GET-MESSAGE</KEYWORD3>
            <KEYWORD3>GET-NUMBER</KEYWORD3>
            <KEYWORD3>GET-RED-VALUE</KEYWORD3>
            <KEYWORD3>GET-REPOSITIONED-ROW</KEYWORD3>
            <KEYWORD3>GET-RGB-VALUE</KEYWORD3>
            <KEYWORD3>GET-SELECTED-WIDGET</KEYWORD3>
            <KEYWORD3>GET-SIGNATURE</KEYWORD3>
            <KEYWORD3>GET-TAB-ITEM</KEYWORD3>
            <KEYWORD3>GET-TEXT-HEIGHT-CHARS</KEYWORD3>
            <KEYWORD3>GET-TEXT-HEIGHT-PIXELS</KEYWORD3>
            <KEYWORD3>GET-TEXT-WIDTH-CHARS</KEYWORD3>
            <KEYWORD3>GET-TEXT-WIDTH-PIXELS</KEYWORD3>
            <KEYWORD3>INITIATE</KEYWORD3>
            <KEYWORD3>INSERT</KEYWORD3>
            <KEYWORD3>INSERT-BACKTAB</KEYWORD3>
            <KEYWORD3>INSERT-FILE</KEYWORD3>
            <KEYWORD3>INSERT-ROW</KEYWORD3>
            <KEYWORD3>INSERT-STRING</KEYWORD3>
            <KEYWORD3>INSERT-TAB</KEYWORD3>
            <KEYWORD3>IS-ROW-SELECTED</KEYWORD3>
            <KEYWORD3>IS-SELECTED</KEYWORD3>
            <KEYWORD3>LOAD-ICON</KEYWORD3>
            <KEYWORD3>LOAD-IMAGE</KEYWORD3>
            <KEYWORD3>LOAD-IMAGE-DOWN</KEYWORD3>
            <KEYWORD3>LOAD-IMAGE-INSENSITIVE</KEYWORD3>
            <KEYWORD3>LOAD-IMAGE-UP</KEYWORD3>
            <KEYWORD3>LOAD-MOUSE-POINTER</KEYWORD3>
            <KEYWORD3>LOAD-SMALL-ICON</KEYWORD3>
            <KEYWORD3>LoadControls</KEYWORD3>
            <KEYWORD3>LOOKUP</KEYWORD3>
            <KEYWORD3>MOVE-AFTER-TAB-ITEM</KEYWORD3>
            <KEYWORD3>MOVE-BEFORE-TAB-ITEM</KEYWORD3>
            <KEYWORD3>MOVE-COLUMN</KEYWORD3>
            <KEYWORD3>MOVE-TO-BOTTOM</KEYWORD3>
            <KEYWORD3>MOVE-TO-EOF</KEYWORD3>
            <KEYWORD3>MOVE-TO-TOP</KEYWORD3>
            <KEYWORD3>READ-FILE</KEYWORD3>
            <KEYWORD3>REFRESH</KEYWORD3>
            <KEYWORD3>REMOVE-EVENTS-PROCEDURE</KEYWORD3>
            <KEYWORD3>REPLACE</KEYWORD3>
            <KEYWORD3>REPLACE-SELECTION-TEXT</KEYWORD3>
            <KEYWORD3>SAVE-FILE</KEYWORD3>
            <KEYWORD3>SCROLL-TO-CURRENT-ROW</KEYWORD3>
            <KEYWORD3>SCROLL-TO-ITEM</KEYWORD3>
            <KEYWORD3>SCROLL-TO-SELECTED-ROW</KEYWORD3>
            <KEYWORD3>SEARCH</KEYWORD3>
            <KEYWORD3>SELECT-FOCUSED-ROW</KEYWORD3>
            <KEYWORD3>SELECT-NEXT-ROW</KEYWORD3>
            <KEYWORD3>SELECT-PREV-ROW</KEYWORD3>
            <KEYWORD3>SELECT-ROW</KEYWORD3>
            <KEYWORD3>SET-BLUE-VALUE</KEYWORD3>
            <KEYWORD3>SET-BREAK</KEYWORD3>
            <KEYWORD3>SET-DYNAMIC</KEYWORD3>
            <KEYWORD3>SET-GREEN-VALUE</KEYWORD3>
            <KEYWORD3>SET-RED-VALUE</KEYWORD3>
            <KEYWORD3>SET-REPOSITIONED-ROW</KEYWORD3>
            <KEYWORD3>SET-RGB-VALUE</KEYWORD3>
            <KEYWORD3>SET-SELECTION</KEYWORD3>
            <KEYWORD3>SET-WAIT-STATE</KEYWORD3>
            <KEYWORD3>VALIDATE</KEYWORD3>

		    <!-- Progress Functions. -->
            <FUNCTION>ABSOLUTE</FUNCTION>
            <FUNCTION>ACCUM</FUNCTION>
            <FUNCTION>ALIAS</FUNCTION>
            <FUNCTION>AMBIGUOUS</FUNCTION>
            <FUNCTION>AND</FUNCTION>
            <FUNCTION>ASC</FUNCTION>
            <FUNCTION>AVAILABLE</FUNCTION>
            <FUNCTION>BEGINS</FUNCTION>
            <FUNCTION>CAN-DO</FUNCTION>
            <FUNCTION>CAN-FIND</FUNCTION>
            <FUNCTION>CAN-QUERY</FUNCTION>
            <FUNCTION>CAN-SET</FUNCTION>
            <FUNCTION>CAPS</FUNCTION>
            <FUNCTION>CHR</FUNCTION>
            <FUNCTION>CODEPAGE-CONVERT</FUNCTION>
            <FUNCTION>CONNECTED</FUNCTION>
            <FUNCTION>COUNT-OF</FUNCTION>
            <FUNCTION>CURRENT-CHANGED</FUNCTION>
            <FUNCTION>CURRENT-LANGUAGE</FUNCTION>
            <FUNCTION>CURRENT-RESULT-ROW</FUNCTION>
            <FUNCTION>CURRENT-VALUE</FUNCTION>
            <FUNCTION>CURRENT_DATE</FUNCTION>
            <FUNCTION>DATASERVERS</FUNCTION>
            <FUNCTION>DATE</FUNCTION>
            <FUNCTION>DAY</FUNCTION>
            <FUNCTION>DBCODEPAGE</FUNCTION>
            <FUNCTION>DBCOLLATION</FUNCTION>
            <FUNCTION>DBNAME</FUNCTION>
            <FUNCTION>DBPARAM</FUNCTION>
            <FUNCTION>DBRESTRICTIONS</FUNCTION>
            <FUNCTION>DBTASKID</FUNCTION>
            <FUNCTION>DBTYPE</FUNCTION>
            <FUNCTION>DBVERSION</FUNCTION>
            <FUNCTION>DECIMAL</FUNCTION>
            <FUNCTION>DYNAMIC-FUNCTION</FUNCTION>
            <FUNCTION>ENCODE</FUNCTION>
            <FUNCTION>ENTERED</FUNCTION>
            <FUNCTION>ENTRY</FUNCTION>
            <FUNCTION>EQ</FUNCTION>
            <FUNCTION>ETIME</FUNCTION>
            <FUNCTION>EXP</FUNCTION>
            <FUNCTION>EXTENT</FUNCTION>
            <FUNCTION>FALSE</FUNCTION>
            <FUNCTION>FILL</FUNCTION>
            <FUNCTION>FIRST</FUNCTION>
            <FUNCTION>FIRST-OF</FUNCTION>
            <FUNCTION>FRAME-COL</FUNCTION>
            <FUNCTION>FRAME-DB</FUNCTION>
            <FUNCTION>FRAME-DOWN</FUNCTION>
            <FUNCTION>FRAME-FIELD</FUNCTION>
            <FUNCTION>FRAME-FILE</FUNCTION>
            <FUNCTION>FRAME-INDEX</FUNCTION>
            <FUNCTION>FRAME-LINE</FUNCTION>
            <FUNCTION>FRAME-NAME</FUNCTION>
            <FUNCTION>FRAME-ROW</FUNCTION>
            <FUNCTION>FRAME-VALUE</FUNCTION>
            <FUNCTION>GATEWAYS</FUNCTION>
            <FUNCTION>GE</FUNCTION>
            <FUNCTION>GET-BYTE</FUNCTION>
            <FUNCTION>GET-CODEPAGES</FUNCTION>
            <FUNCTION>GET-COLLATIONS</FUNCTION>
            <FUNCTION>GET-DOUBLE</FUNCTION>
            <FUNCTION>GET-FLOAT</FUNCTION>
            <FUNCTION>GET-LONG</FUNCTION>
            <FUNCTION>GET-POINTER-VALUE</FUNCTION>
            <FUNCTION>GET-SHORT</FUNCTION>
            <FUNCTION>GET-SIZE</FUNCTION>
            <FUNCTION>GET-STRING</FUNCTION>
            <FUNCTION>GET-UNSIGNED-SHORT</FUNCTION>
            <FUNCTION>GO-PENDING</FUNCTION>
            <FUNCTION>GT</FUNCTION>
            <FUNCTION>HEADER</FUNCTION>
            <FUNCTION>INDEX</FUNCTION>
            <FUNCTION>INPUT</FUNCTION>
            <FUNCTION>INTEGER</FUNCTION>
            <FUNCTION>IS-ATTR-SPACE</FUNCTION>
            <FUNCTION>IS-LEAD-BYTE</FUNCTION>
            <FUNCTION>KBLABEL</FUNCTION>
            <FUNCTION>KEYCODE</FUNCTION>
            <FUNCTION>KEYFUNCTION</FUNCTION>
            <FUNCTION>KEYLABEL</FUNCTION>
            <FUNCTION>KEYWORD</FUNCTION>
            <FUNCTION>KEYWORD-ALL</FUNCTION>
            <FUNCTION>LAST</FUNCTION>
            <FUNCTION>LAST-OF</FUNCTION>
            <FUNCTION>LASTKEY</FUNCTION>
            <FUNCTION>LC</FUNCTION>
            <FUNCTION>LDBNAME</FUNCTION>
            <FUNCTION>LE</FUNCTION>
            <FUNCTION>LEFT-TRIM</FUNCTION>
            <FUNCTION>LENGTH</FUNCTION>
            <FUNCTION>LIBRARY</FUNCTION>
            <FUNCTION>LINE-COUNTER</FUNCTION>
            <FUNCTION>LIST-EVENTS</FUNCTION>
            <FUNCTION>LIST-QUERY-ATTRS</FUNCTION>
            <FUNCTION>LIST-SET-ATTRS</FUNCTION>
            <FUNCTION>LIST-WIDGETS</FUNCTION>
            <FUNCTION>LOAD-PICTURE</FUNCTION>
            <FUNCTION>LOCKED</FUNCTION>
            <FUNCTION>LOG</FUNCTION>
            <FUNCTION>LOOKUP</FUNCTION>
            <FUNCTION>LT</FUNCTION>
            <FUNCTION>MATCHES</FUNCTION>
            <FUNCTION>MAXIMUM</FUNCTION>
            <FUNCTION>MEMBER</FUNCTION>
            <FUNCTION>MESSAGE-LINES</FUNCTION>
            <FUNCTION>MINIMUM</FUNCTION>
            <FUNCTION>MODULO</FUNCTION>
            <FUNCTION>MONTH</FUNCTION>
            <FUNCTION>NE</FUNCTION>
            <FUNCTION>NEW</FUNCTION>
            <FUNCTION>NEXT-VALUE</FUNCTION>
            <FUNCTION>NO</FUNCTION>
            <FUNCTION>NOT</FUNCTION>
            <FUNCTION>NUM-ALIASES</FUNCTION>
            <FUNCTION>NUM-DBS</FUNCTION>
            <FUNCTION>NUM-ENTRIES</FUNCTION>
            <FUNCTION>NUM-RESULTS</FUNCTION>
            <FUNCTION>OPSYS</FUNCTION>
            <FUNCTION>OR</FUNCTION>
            <FUNCTION>OS-DRIVES</FUNCTION>
            <FUNCTION>OS-ERROR</FUNCTION>
            <FUNCTION>OS-GETENV</FUNCTION>
            <FUNCTION>PAGE-NUMBER</FUNCTION>
            <FUNCTION>PAGE-SIZE</FUNCTION>
            <FUNCTION>PDBNAME</FUNCTION>
            <FUNCTION>PROC-HANDLE</FUNCTION>
            <FUNCTION>PROC-STATUS</FUNCTION>
            <FUNCTION>PROGRAM-NAME</FUNCTION>
            <FUNCTION>PROGRESS</FUNCTION>
            <FUNCTION>PROMSGS</FUNCTION>
            <FUNCTION>PROPATH</FUNCTION>
            <FUNCTION>PROVERSION</FUNCTION>
            <FUNCTION>QUERY-OFF-END</FUNCTION>
            <FUNCTION>R-INDEX</FUNCTION>
            <FUNCTION>RANDOM</FUNCTION>
            <FUNCTION>RAW</FUNCTION>
            <FUNCTION>RECID</FUNCTION>
            <FUNCTION>RECORD-LENGTH</FUNCTION>
            <FUNCTION>REPLACE</FUNCTION>
            <FUNCTION>RETRY</FUNCTION>
            <FUNCTION>RETURN-VALUE</FUNCTION>
            <FUNCTION>RGB-VALUE</FUNCTION>
            <FUNCTION>RIGHT-TRIM</FUNCTION>
            <FUNCTION>ROUND</FUNCTION>
            <FUNCTION>ROWID</FUNCTION>
            <FUNCTION>SCREEN-LINES</FUNCTION>
            <FUNCTION>SDBNAME</FUNCTION>
            <FUNCTION>SEARCH</FUNCTION>
            <FUNCTION>SEEK</FUNCTION>
            <FUNCTION>SETUSERID</FUNCTION>
            <FUNCTION>SKIP</FUNCTION>
            <FUNCTION>SPACE</FUNCTION>
            <FUNCTION>SQRT</FUNCTION>
            <FUNCTION>STRING</FUNCTION>
            <FUNCTION>SUBSTITUTE</FUNCTION>
            <FUNCTION>SUBSTRING</FUNCTION>
            <FUNCTION>TERMINAL</FUNCTION>
            <FUNCTION>TIME</FUNCTION>
            <FUNCTION>TO-ROWID</FUNCTION>
            <FUNCTION>TODAY</FUNCTION>
            <FUNCTION>TRANSACTION</FUNCTION>
            <FUNCTION>TRIM</FUNCTION>
            <FUNCTION>TRUE</FUNCTION>
            <FUNCTION>TRUNCATE</FUNCTION>
            <FUNCTION>USERID</FUNCTION>
            <FUNCTION>VALID-EVENT</FUNCTION>
            <FUNCTION>VALID-HANDLE</FUNCTION>
            <FUNCTION>WEEKDAY</FUNCTION>
            <FUNCTION>WIDGET-HANDLE</FUNCTION>
            <FUNCTION>YEAR</FUNCTION>
            <FUNCTION>YES</FUNCTION>

		</KEYWORDS>

	</RULES>
</MODE>

