<?xml version="1.0"?>

<!DOCTYPE MODE SYSTEM "xmode.dtd">

<MODE>
	<PROPS>
		<PROPERTY NAME="commentStart" VALUE="#*" />
		<PROPERTY NAME="commentEnd" VALUE="*#" />
		<PROPERTY NAME="lineComment" VALUE="##" />
	</PROPS>
	<RULES IGNORE_CASE="TRUE">
		<!-- SGML comment -->
		<SPAN TYPE="COMMENT1">
			<BEGIN>&lt;!--</BEGIN>
			<END>--&gt;</END>
		</SPAN>

		<!-- JavaScript -->
		<SPAN TYPE="MARKUP" DELEGATE="html::JAVASCRIPT">
			<BEGIN>&lt;SCRIPT</BEGIN>
			<END>&lt;/SCRIPT&gt;</END>
		</SPAN>

		<!-- stylesheet -->
		<SPAN TYPE="MARKUP" DELEGATE="html::CSS">
			<BEGIN>&lt;STYLE</BEGIN>
			<END>&lt;/STYLE&gt;</END>
		</SPAN>

		<!-- DTD instructions -->
		<SPAN TYPE="KEYWORD2" DELEGATE="xml::DTD-TAGS">
			<BEGIN>&lt;!</BEGIN>
			<END>&gt;</END>
		</SPAN>

		<MARK_FOLLOWING TYPE="KEYWORD2">$</MARK_FOLLOWING>

		<!-- markup tags -->
		<SPAN TYPE="MARKUP" DELEGATE="TAGS">
			<BEGIN>&lt;</BEGIN>
			<END>&gt;</END>
		</SPAN>

		<!-- SGML entities -->
		<SPAN TYPE="LITERAL2" NO_WORD_BREAK="TRUE">
			<BEGIN>&amp;</BEGIN>
			<END>;</END>
		</SPAN>

		<KEYWORDS>
			<KEYWORD1>#set</KEYWORD1>
			<KEYWORD1>#foreach</KEYWORD1>
			<KEYWORD1>#end</KEYWORD1>
			<KEYWORD1>#if</KEYWORD1>
			<KEYWORD1>#else</KEYWORD1>
			<KEYWORD1>#elseif</KEYWORD1>
			<KEYWORD1>#parse</KEYWORD1>
			<KEYWORD1>#macro</KEYWORD1>
			<KEYWORD1>#stop</KEYWORD1>
			<KEYWORD1>#include</KEYWORD1>
		</KEYWORDS>
	</RULES>

	<RULES SET="TAGS" DEFAULT="MARKUP">
		<SPAN TYPE="LITERAL1">
			<BEGIN>"</BEGIN>
			<END>"</END>
		</SPAN>

		<SPAN TYPE="LITERAL1">
			<BEGIN>'</BEGIN>
			<END>'</END>
		</SPAN>

		<SEQ TYPE="OPERATOR">=</SEQ>
	</RULES>
</MODE>
